Index,Pulsar Name,J-name,Glitch #,Date of Glitch,Uncertainty in date,DF/F (10^-9),Uncertainty in DF/F,DF1/F1 (10^-3)2,Uncertainty in DF1/F1,F (Hz),F1 (Hz/s),Distance (kpc),RA,dec,Galactic Longitude,Galactic Latitude
1,J0007+7303,0007+7303,1,54953,X,554,1,1.0,0.1,0.315873,3.6E-13,1.4,12:07:02 AM,+73:03:07.4,119.659593,10.463078
2,J0007+7303,0007+7303,2,55466,X,1260,X,X,X,0.315873,3.6E-13,1.4,12:07:02 AM,+73:03:07.4,119.659593,10.463078
3,4U_0142+61,0146+6145,1,51141,248,650,150,14,5,8.68869249,2.022E-12,3.6,1:46:22 AM,+61:45:02.8,129.383997,-0.430855
4,4U_0142+61,0146+6145,2,53809,X,1627,348,11.6,0.4,8.68869249,2.022E-12,3.6,1:46:22 AM,+61:45:02.8,129.383997,-0.430855
5,B0144+59,0147+5922,1,53682,15,0.056,0.003,-0.21,0.05,0.196321,2.57E-16,2.13,1:47:45 AM,+59:22:03.2,130.058679,-2.722853
6,B0154+61,0157+6212,1,48512,5,4,1,-11,6,2.351745,1.89E-13,1.79,1:57:50 AM,+62:12:26.6,130.586385,0.326412
7,B0154+61,0157+6212,2,58299,4,2.64,0.12,X,X,2.351745,1.89E-13,1.79,1:57:50 AM,+62:12:26.6,130.586385,0.326412
8,J0205+6449,0205+6449,1,52555,8,340,110,5,1,0.065716,1.94E-13,3.2,2:05:38 AM,+64:49:41.3,130.719331,3.084128
9,J0205+6449,0205+6449,2,52920,72,3800,400,12,1,0.065716,1.94E-13,3.2,2:05:38 AM,+64:49:41.3,130.719331,3.084128
10,J0205+6449,0205+6449,3,54907,3,1733,6,6,1,0.065716,1.94E-13,3.2,2:05:38 AM,+64:49:41.3,130.719331,3.084128
11,J0205+6449,0205+6449,4,55275,1,3.8,0.2,-0.92,0.02,0.065716,1.94E-13,3.2,2:05:38 AM,+64:49:41.3,130.719331,3.084128
12,J0205+6449,0205+6449,5,55350.3,0.7,6.9,0.3,-0.54,0.04,0.065716,1.94E-13,3.2,2:05:38 AM,+64:49:41.3,130.719331,3.084128
13,J0205+6449,0205+6449,6,55416,1,4.9,0.4,-0.76,0.04,0.065716,1.94E-13,3.2,2:05:38 AM,+64:49:41.3,130.719331,3.084128
14,J0205+6449,0205+6449,7,55511,2,10.6,0.8,0.6,0.2,0.065716,1.94E-13,3.2,2:05:38 AM,+64:49:41.3,130.719331,3.084128
15,J0205+6449,0205+6449,8,55721.56,0.13,118.8,10.7,2.65,0.06,0.065716,1.94E-13,3.2,2:05:38 AM,+64:49:41.3,130.719331,3.084128
16,J0205+6449,0205+6449,9,55816,8,3005,40,18.8,0.3,0.065716,1.94E-13,3.2,2:05:38 AM,+64:49:41.3,130.719331,3.084128
17,J0205+6449,0205+6449,10,56835,24,87,11,2.6,0.2,0.065716,1.94E-13,3.2,2:05:38 AM,+64:49:41.3,130.719331,3.084128
18,J0205+6449,0205+6449,11,57358,1,531,4,6,1,0.065716,1.94E-13,3.2,2:05:38 AM,+64:49:41.3,130.719331,3.084128
19,J0205+6449,0205+6449,12,57697,1,41.9,1.4,X,X,0.065716,1.94E-13,3.2,2:05:38 AM,+64:49:41.3,130.719331,3.084128
20,J0205+6449,0205+6449,13,58321,99,3162,3,20.4,0.1,0.065716,1.94E-13,3.2,2:05:38 AM,+64:49:41.3,130.719331,3.084128
21,J0215+6218,0215+6218,1,55945,5,0.1,0.01,0.6,0.2,0.54888,6.62E-16,2,2:15:57 AM,+62:18:33.3,132.575382,1.030238
22,B0355+54,0358+5413,1,46082,4,6,1,6,5,0.156384,4.39E-15,1,3:58:54 AM,+54:13:13.7,148.189974,0.810799
23,B0355+54,0358+5413,2,46470,18,4366,1,430,154,0.156384,4.39E-15,1,3:58:54 AM,+54:13:13.7,148.189974,0.810799
24,B0402+61,0406+6138,1,53041,6,0.62,0.04,0.5,0.1,0.594576,5.57E-15,4.55,4:06:30 AM,+61:38:41.4,144.024629,7.045884
25,B0410+69,0410+69,1,57207,58,0.012,0.004,X,X,0.390715,7.66E-17,1.37,4:15:56 AM,+69:54:09.8,138.911454,13.666609
26,B0417+35,0417+35,1,57053.6,0.1,24.63,0.03,3.6,X,0.6544,1E-30,1.48,4:17:43 AM,+35:45:00,163.219372,-10.517778
27,B0458+46,0502+4654,1,52616,2,0.33,0.02,0.7,0.2,0.638565,5.58E-15,1.32,5:02:05 AM,+46:54:06.0,160.362733,3.076457
28,B0523+11,0525+1115,1,56009,3,0.27,0.03,X,X,0.354438,7.36E-17,1.84,5:25:56 AM,+11:15:19.0,192.694965,-13.245811
29,B0525+21,0528+2200,1,42051.5,0.3,1.9,0.2,13,5,3.745539,4.01E-14,1.22,5:28:52 AM,+22:00:04,183.855999,-6.8964
30,B0525+21,0528+2200,2,52296,1,2.3,0.2,7,2,3.745539,4.01E-14,1.22,5:28:52 AM,+22:00:04,183.855999,-6.8964
31,B0525+21,0528+2200,3,53379,X,0.2,0.1,X,X,3.745539,4.01E-14,1.22,5:28:52 AM,+22:00:04,183.855999,-6.8964
32,B0525+21,0528+2200,4,53980,12,0.5,0.1,0.1,0.1,3.745539,4.01E-14,1.22,5:28:52 AM,+22:00:04,183.855999,-6.8964
33,B0531+21,0534+2200,1,40491.8,0.03,7.2,0.4,0.44,0.04,0.033392,4.21E-13,2,5:34:32 AM,+22:00:52.0,184.557413,-5.78452
34,B0531+21,0534+2200,2,41161.98,0.04,1.9,0.1,0.17,0.01,0.033392,4.21E-13,2,5:34:32 AM,+22:00:52.0,184.557413,-5.78452
35,B0531+21,0534+2200,3,41250.32,0.01,2.1,0.1,0.11,0.01,0.033392,4.21E-13,2,5:34:32 AM,+22:00:52.0,184.557413,-5.78452
36,B0531+21,0534+2200,4,42447.26,0.04,35.7,0.3,1.6,0.1,0.033392,4.21E-13,2,5:34:32 AM,+22:00:52.0,184.557413,-5.78452
37,B0531+21,0534+2200,5,46663.69,0.03,6,1,0.5,0.1,0.033392,4.21E-13,2,5:34:32 AM,+22:00:52.0,184.557413,-5.78452
38,B0531+21,0534+2200,6,47767.504,0.003,81,0.4,3.4,0.1,0.033392,4.21E-13,2,5:34:32 AM,+22:00:52.0,184.557413,-5.78452
39,B0531+21,0534+2200,7,48945.6,0.1,4.2,0.2,0.32,0.03,0.033392,4.21E-13,2,5:34:32 AM,+22:00:52.0,184.557413,-5.78452
40,B0531+21,0534+2200,8,50020.04,0.02,2.1,0.1,0.2,0.01,0.033392,4.21E-13,2,5:34:32 AM,+22:00:52.0,184.557413,-5.78452
41,B0531+21,0534+2200,9,50260.031,0.004,31.9,0.1,1.73,0.03,0.033392,4.21E-13,2,5:34:32 AM,+22:00:52.0,184.557413,-5.78452
42,B0531+21,0534+2200,10,50458.94,0.03,6.1,0.4,1.1,0.1,0.033392,4.21E-13,2,5:34:32 AM,+22:00:52.0,184.557413,-5.78452
43,B0531+21,0534+2200,11,50489.7,0.2,0.8,0.3,-0.2,0.1,0.033392,4.21E-13,2,5:34:32 AM,+22:00:52.0,184.557413,-5.78452
44,B0531+21,0534+2200,12,50812.59,0.01,6.2,0.2,0.62,0.04,0.033392,4.21E-13,2,5:34:32 AM,+22:00:52.0,184.557413,-5.78452
45,B0531+21,0534+2200,13,51452.02,0.01,6.8,0.2,0.7,0.1,0.033392,4.21E-13,2,5:34:32 AM,+22:00:52.0,184.557413,-5.78452
46,B0531+21,0534+2200,14,51740.656,0.002,25.1,0.3,2.9,0.1,0.033392,4.21E-13,2,5:34:32 AM,+22:00:52.0,184.557413,-5.78452
47,B0531+21,0534+2200,15,51804.75,0.02,3.5,0.1,0.53,0.03,0.033392,4.21E-13,2,5:34:32 AM,+22:00:52.0,184.557413,-5.78452
48,B0531+21,0534+2200,16,52084.072,0.001,22.6,0.1,2.07,0.03,0.033392,4.21E-13,2,5:34:32 AM,+22:00:52.0,184.557413,-5.78452
49,B0531+21,0534+2200,17,52146.758,0.0003,8.9,0.1,0.57,0.01,0.033392,4.21E-13,2,5:34:32 AM,+22:00:52.0,184.557413,-5.78452
50,B0531+21,0534+2200,18,52498.257,0.002,3.4,0.1,0.70,0.02,0.033392,4.21E-13,2,5:34:32 AM,+22:00:52.0,184.557413,-5.78452
51,B0531+21,0534+2200,19,52587.2,0.01,1.7,0.1,0.5,0.1,0.033392,4.21E-13,2,5:34:32 AM,+22:00:52.0,184.557413,-5.78452
52,B0531+21,0534+2200,20,53067.078,0.0002,214,1,6.2,0.2,0.033392,4.21E-13,2,5:34:32 AM,+22:00:52.0,184.557413,-5.78452
53,B0531+21,0534+2200,21,53254.109,0.002,4.9,0.1,0.2,0.1,0.033392,4.21E-13,2,5:34:32 AM,+22:00:52.0,184.557413,-5.78452
54,B0531+21,0534+2200,22,53331.17,0.01,2.8,0.2,0.7,0.1,0.033392,4.21E-13,2,5:34:32 AM,+22:00:52.0,184.557413,-5.78452
55,B0531+21,0534+2200,23,53970.19,0.0003,21.8,0.2,3.1,0.1,0.033392,4.21E-13,2,5:34:32 AM,+22:00:52.0,184.557413,-5.78452
56,B0531+21,0534+2200,24,54580.38,0.01,4.7,0.1,0.2,0.1,0.033392,4.21E-13,2,5:34:32 AM,+22:00:52.0,184.557413,-5.78452
57,B0531+21,0534+2200,25,55875.5,0.1,49.2,0.3,X,X,0.033392,4.21E-13,2,5:34:32 AM,+22:00:52.0,184.557413,-5.78452
58,B0531+21,0534+2200,26,57839.92,0.06,2.14,0.11,0.27,0.03,0.033392,4.21E-13,2,5:34:32 AM,+22:00:52.0,184.557413,-5.78452
59,B0531+21,0534+2200,27,58064.555,0.003,516.37,0.10,6.969,0.021,0.033392,4.21E-13,2,5:34:32 AM,+22:00:52.0,184.557413,-5.78452
60,B0531+21,0534+2200,28,58237.357,0.005,4.08,0.22,0.46,0.11,0.033392,4.21E-13,2,5:34:32 AM,+22:00:52.0,184.557413,-5.78452
61,B0531+21,0534+2200,29,58470.939,0.006,2.36,0.04,0.36,0.05,0.033392,4.21E-13,2,5:34:32 AM,+22:00:52.0,184.557413,-5.78452
62,B0531+21,0534+2200,30,58687.59,0.04,36,0.1,X,X,0.033392,4.21E-13,2,5:34:32 AM,+22:00:52.0,184.557413,-5.78452
63,J0537-6910,0537-6910,1,51278,16,687,3,1,1,0.016122,5.18E-14,49.7,5:37:47 AM,-69:10:19.8,279.559453,-31.744684
64,J0537-6910,0537-6910,2,51562,15,450,3,0.7,0.1,0.016122,5.18E-14,49.7,5:37:47 AM,-69:10:19.8,279.559453,-31.744684
65,J0537-6910,0537-6910,3,51711,5,315,1,0.6,0.1,0.016122,5.18E-14,49.7,5:37:47 AM,-69:10:19.8,279.559453,-31.744684
66,J0537-6910,0537-6910,4,51826,8,140,1,0.5,0.1,0.016122,5.18E-14,49.7,5:37:47 AM,-69:10:19.8,279.559453,-31.744684
67,J0537-6910,0537-6910,5,51881,6,140,1,0.7,0.2,0.016122,5.18E-14,49.7,5:37:47 AM,-69:10:19.8,279.559453,-31.744684
68,J0537-6910,0537-6910,6,51960,5,454,5,0.8,0.5,0.016122,5.18E-14,49.7,5:37:47 AM,-69:10:19.8,279.559453,-31.744684
69,J0537-6910,0537-6910,7,52152,1,2.3,0.4,X,X,0.016122,5.18E-14,49.7,5:37:47 AM,-69:10:19.8,279.559453,-31.744684
70,J0537-6910,0537-6910,8,52170,5,184,1,0.8,0.2,0.016122,5.18E-14,49.7,5:37:47 AM,-69:10:19.8,279.559453,-31.744684
71,J0537-6910,0537-6910,9,52241,12,426,1,0.2,0.1,0.016122,5.18E-14,49.7,5:37:47 AM,-69:10:19.8,279.559453,-31.744684
72,J0537-6910,0537-6910,10,52378,11,168,1,0.4,0.1,0.016122,5.18E-14,49.7,5:37:47 AM,-69:10:19.8,279.559453,-31.744684
73,J0537-6910,0537-6910,11,52453,7,218,1,0.4,0.2,0.016122,5.18E-14,49.7,5:37:47 AM,-69:10:19.8,279.559453,-31.744684
74,J0537-6910,0537-6910,12,52545,6,420,2,0.5,0.2,0.016122,5.18E-14,49.7,5:37:47 AM,-69:10:19.8,279.559453,-31.744684
75,J0537-6910,0537-6910,13,52731,14,146,3,0.6,0.1,0.016122,5.18E-14,49.7,5:37:47 AM,-69:10:19.8,279.559453,-31.744684
76,J0537-6910,0537-6910,14,52807,15,255,3,0.6,0.3,0.016122,5.18E-14,49.7,5:37:47 AM,-69:10:19.8,279.559453,-31.744684
77,J0537-6910,0537-6910,15,52886,3,234.6,0.3,0.44,0.05,0.016122,5.18E-14,49.7,5:37:47 AM,-69:10:19.8,279.559453,-31.744684
78,J0537-6910,0537-6910,16,53014,6,338,1,0.7,0.1,0.016122,5.18E-14,49.7,5:37:47 AM,-69:10:19.8,279.559453,-31.744684
79,J0537-6910,0537-6910,17,53125.5,0.1,17,1,0.4,0.3,0.016122,5.18E-14,49.7,5:37:47 AM,-69:10:19.8,279.559453,-31.744684
80,J0537-6910,0537-6910,18,53145,2,391.1,0.2,0.19,0.04,0.016122,5.18E-14,49.7,5:37:47 AM,-69:10:19.8,279.559453,-31.744684
81,J0537-6910,0537-6910,19,53288,3,395,1,0.7,0.1,0.016122,5.18E-14,49.7,5:37:47 AM,-69:10:19.8,279.559453,-31.744684
82,J0537-6910,0537-6910,20,53445,2,260,1,0.9,0.1,0.016122,5.18E-14,49.7,5:37:47 AM,-69:10:19.8,279.559453,-31.744684
83,J0537-6910,0537-6910,21,53550,2,321,1,0.7,0.1,0.016122,5.18E-14,49.7,5:37:47 AM,-69:10:19.8,279.559453,-31.744684
84,J0537-6910,0537-6910,22,53696,14,409,3,0.7,0.1,0.016122,5.18E-14,49.7,5:37:47 AM,-69:10:19.8,279.559453,-31.744684
85,J0537-6910,0537-6910,23,53861,1,235,1,0.8,0.1,0.016122,5.18E-14,49.7,5:37:47 AM,-69:10:19.8,279.559453,-31.744684
86,J0537-6910,0537-6910,24,53951.3,0.3,18,1,0.3,0.2,0.016122,5.18E-14,49.7,5:37:47 AM,-69:10:19.8,279.559453,-31.744684
87,J0537-6910,0537-6910,25,53999,3,352,1,0.4,0.3,0.016122,5.18E-14,49.7,5:37:47 AM,-69:10:19.8,279.559453,-31.744684
88,J0537-6910,0537-6910,26,54094,5,371,2,0.1,0.3,0.016122,5.18E-14,49.7,5:37:47 AM,-69:10:19.8,279.559453,-31.744684
89,J0537-6910,0537-6910,27,54243,8,1,0.3,X,X,0.016122,5.18E-14,49.7,5:37:47 AM,-69:10:19.8,279.559453,-31.744684
90,J0537-6910,0537-6910,28,54271,2,488,1,0.8,0.2,0.016122,5.18E-14,49.7,5:37:47 AM,-69:10:19.8,279.559453,-31.744684
91,J0537-6910,0537-6910,29,54448,7,239,1,0.8,0.2,0.016122,5.18E-14,49.7,5:37:47 AM,-69:10:19.8,279.559453,-31.744684
92,J0537-6910,0537-6910,30,54538,4,114,1,0.5,0.3,0.016122,5.18E-14,49.7,5:37:47 AM,-69:10:19.8,279.559453,-31.744684
93,J0537-6910,0537-6910,31,54578,5,147,1,0,1,0.016122,5.18E-14,49.7,5:37:47 AM,-69:10:19.8,279.559453,-31.744684
94,J0537-6910,0537-6910,32,54639,2,128.7,0.5,0.4,0.2,0.016122,5.18E-14,49.7,5:37:47 AM,-69:10:19.8,279.559453,-31.744684
95,J0537-6910,0537-6910,33,54712,2,105,1,0.5,0.3,0.016122,5.18E-14,49.7,5:37:47 AM,-69:10:19.8,279.559453,-31.744684
96,J0537-6910,0537-6910,34,54767,4,362,1,0.6,0.1,0.016122,5.18E-14,49.7,5:37:47 AM,-69:10:19.8,279.559453,-31.744684
97,J0537-6910,0537-6910,35,54895,9,341,1,0.5,0.1,0.016122,5.18E-14,49.7,5:37:47 AM,-69:10:19.8,279.559453,-31.744684
98,J0537-6910,0537-6910,36,55043,2,217,0.5,0.8,0.1,0.016122,5.18E-14,49.7,5:37:47 AM,-69:10:19.8,279.559453,-31.744684
99,J0537-6910,0537-6910,37,55184,2,209,1,1.1,0.1,0.016122,5.18E-14,49.7,5:37:47 AM,-69:10:19.8,279.559453,-31.744684
100,J0537-6910,0537-6910,38,55280,4,549,3,0.3,0.3,0.016122,5.18E-14,49.7,5:37:47 AM,-69:10:19.8,279.559453,-31.744684
101,J0537-6910,0537-6910,39,55451,7,169,1,0.4,0.1,0.016122,5.18E-14,49.7,5:37:47 AM,-69:10:19.8,279.559453,-31.744684
102,J0537-6910,0537-6910,40,55519,2,122,1,0.4,0.3,0.016122,5.18E-14,49.7,5:37:47 AM,-69:10:19.8,279.559453,-31.744684
103,J0537-6910,0537-6910,41,55552,2,8,2,-2,2,0.016122,5.18E-14,49.7,5:37:47 AM,-69:10:19.8,279.559453,-31.744684
104,J0537-6910,0537-6910,42,55587,2,87,2,1,4,0.016122,5.18E-14,49.7,5:37:47 AM,-69:10:19.8,279.559453,-31.744684
105,J0537-6910,0537-6910,43,55615,4,453,2,0.2,0.5,0.016122,5.18E-14,49.7,5:37:47 AM,-69:10:19.8,279.559453,-31.744684
106,J0537-6910,0537-6910,44,55786.1,0.1,14,1,-0.2,0.2,0.016122,5.18E-14,49.7,5:37:47 AM,-69:10:19.8,279.559453,-31.744684
107,J0537-6910,0537-6910,45,55819,2,346,1,0.9,0.4,0.016122,5.18E-14,49.7,5:37:47 AM,-69:10:19.8,279.559453,-31.744684
108,B0540-69,0540-6919,1,51335,12,1.4,0.2,0.133,0.002,0.05057,4.79E-13,49.7,5:40:11 AM,-69:19:54.1,279.717127,-31.5156
109,B0559-05,0601-0527,1,51665.2,0.1,0.2,0.1,-0.7,0.1,0.395969,1.3E-15,2.08,6:01:59 AM,-05:27:50.8,212.19858,-13.480861
110,B0559-05,0601-0527,2,54329,1,0.061,0.004,0.12,0.04,0.395969,1.3E-15,2.08,6:01:59 AM,-05:27:50.8,212.19858,-13.480861
111,J0611+1436,0611+1436,1,55818.8,0.01,5578.29,0.24,0,0,0.270329,4E-15,0.89,6:11:19 AM,+14:36:52,195.378087,-2.003881
112,J0625+1015,0625+1015,1,55143,10,29.5,0.2,0,0,0.498397,1E-30,1.64,6:25:45 AM,+10:16:00,200.877729,-0.955829
113,J0625+1015,0625+1015,2,57660,5,1.12,0.07,0,0,0.498397,1E-30,1.64,6:25:45 AM,+10:16:00,200.877729,-0.955829
114,J0613-0200,0613-0200,1,50888,30,0.0025,0.0001,0.16,0.39,0.003062,9.59E-21,0.78,6:13:44 AM,-02:00:47.2,210.412892,-9.305187
115,J0631+1036,0631+1036,1,50183.5,0.2,4.7,0.1,-0.7,0.1,0.2878,1.05E-13,2.1,6:31:28 AM,+10:37:02.5,201.219046,0.449929
116,J0631+1036,0631+1036,2,50480.1,0.1,4.2,0.2,0.1,0.2,0.2878,1.05E-13,2.1,6:31:28 AM,+10:37:02.5,201.219046,0.449929
117,J0631+1036,0631+1036,3,50608.277,0.001,57.3,0.1,1.2,0.1,0.2878,1.05E-13,2.1,6:31:28 AM,+10:37:02.5,201.219046,0.449929
118,J0631+1036,0631+1036,4,50729,1,1662.7,0.1,3.5,0.2,0.2878,1.05E-13,2.1,6:31:28 AM,+10:37:02.5,201.219046,0.449929
119,J0631+1036,0631+1036,5,51909.7,0.1,1.4,0.1,0.26,0.04,0.2878,1.05E-13,2.1,6:31:28 AM,+10:37:02.5,201.219046,0.449929
120,J0631+1036,0631+1036,6,52852.5,0.01,17.6,0.1,2.48,0.04,0.2878,1.05E-13,2.1,6:31:28 AM,+10:37:02.5,201.219046,0.449929
121,J0631+1036,0631+1036,7,53230.1,0.1,1.6,0.1,0.4,0.1,0.2878,1.05E-13,2.1,6:31:28 AM,+10:37:02.5,201.219046,0.449929
122,J0631+1036,0631+1036,8,53366,1,1.9,0.1,0.3,0.1,0.2878,1.05E-13,2.1,6:31:28 AM,+10:37:02.5,201.219046,0.449929
123,J0631+1036,0631+1036,9,53622.6,0.2,1.1,0.1,0.20,0.03,0.2878,1.05E-13,2.1,6:31:28 AM,+10:37:02.5,201.219046,0.449929
124,J0631+1036,0631+1036,10,54099,2,0.4,0.1,-0.2,0.1,0.2878,1.05E-13,2.1,6:31:28 AM,+10:37:02.5,201.219046,0.449929
125,J0631+1036,0631+1036,11,54170.4,0.1,1.6,0.1,-0.1,0.1,0.2878,1.05E-13,2.1,6:31:28 AM,+10:37:02.5,201.219046,0.449929
126,J0631+1036,0631+1036,12,54632.53,0.002,43.2,0.1,3.3,0.2,0.2878,1.05E-13,2.1,6:31:28 AM,+10:37:02.5,201.219046,0.449929
127,J0631+1036,0631+1036,13,55118.83,0.01,11,0.1,1.3,0.1,0.2878,1.05E-13,2.1,6:31:28 AM,+10:37:02.5,201.219046,0.449929
128,J0631+1036,0631+1036,14,55278.24,0.04,7,0.2,2.8,0.2,0.2878,1.05E-13,2.1,6:31:28 AM,+10:37:02.5,201.219046,0.449929
129,J0631+1036,0631+1036,15,55702,3,3280,1,X,X,0.2878,1.05E-13,2.1,6:31:28 AM,+10:37:02.5,201.219046,0.449929
130,J0631+1036,0631+1036,16,58341.7,0.2,27.3,0.8,X,X,0.2878,1.05E-13,2.1,6:31:28 AM,+10:37:02.5,201.219046,0.449929
131,J0631+1036,0631+1036,17,58352.14,0.04,96.7,1.5,X,X,0.2878,1.05E-13,2.1,6:31:28 AM,+10:37:02.5,201.219046,0.449929
132,J0633+1746,0633+1746,1,50382,X,0.6,X,X,X,0.237099,1.1E-14,0.19,6:33:54 AM,+17:46:12.9,195.133743,4.265622
133,B0656+14,0659+1414,1,50197,8,0.6,0.4,0.3,0.5,0.384929,5.49E-14,0.29,6:59:48 AM,+14:14:19.4,201.108129,8.257903
134,B0656+14,0659+1414,2,51017,3,1.3,0.1,2,1,0.384929,5.49E-14,0.29,6:59:48 AM,+14:14:19.4,201.108129,8.257903
135,B0727-18,0729-1836,1,51422,1,1,0.5,-2,3,0.51016,1.9E-14,2,7:29:32 AM,-18:36:42.2,233.759614,-0.341241
136,B0727-18,0729-1836,2,52150,3,4,1,6,2,0.51016,1.9E-14,2,7:29:32 AM,-18:36:42.2,233.759614,-0.341241
137,J0729-1448,0729-1448,1,52010,1,24.8,0.4,1.6,0.3,0.251659,1.13E-13,2.68,7:29:16 AM,-14:48:36.8,230.391701,1.423552
138,J0729-1448,0729-1448,2,54317.7,0.2,23,1,4,3,0.251659,1.13E-13,2.68,7:29:16 AM,-14:48:36.8,230.391701,1.423552
139,J0729-1448,0729-1448,3,54483.6,0.3,13,1,1,1,0.251659,1.13E-13,2.68,7:29:16 AM,-14:48:36.8,230.391701,1.423552
140,J0729-1448,0729-1448,4,54592,1,12,1,-2,2,0.251659,1.13E-13,2.68,7:29:16 AM,-14:48:36.8,230.391701,1.423552
141,J0729-1448,0729-1448,5,54687,3,6676,9,54,5,0.251659,1.13E-13,2.68,7:29:16 AM,-14:48:36.8,230.391701,1.423552
142,J0729-1448,0729-1448,6,58266.6,0.9,3.8,0.4,X,X,0.251659,1.13E-13,2.68,7:29:16 AM,-14:48:36.8,230.391701,1.423552
143,B0740-28,0742-2822,1,47625,3,1.2,0.1,-0.8,0.3,0.166762,1.68E-14,2,7:42:49 AM,-28:22:43.7,243.773358,-2.444592
144,B0740-28,0742-2822,2,48331.7,0.3,1.2,0.1,-1,1,0.166762,1.68E-14,2,7:42:49 AM,-28:22:43.7,243.773358,-2.444592
145,B0740-28,0742-2822,3,51770,20,1,0.3,0.9,0.2,0.166762,1.68E-14,2,7:42:49 AM,-28:22:43.7,243.773358,-2.444592
146,B0740-28,0742-2822,4,52028,2,3.7,0.2,4,1,0.166762,1.68E-14,2,7:42:49 AM,-28:22:43.7,243.773358,-2.444592
147,B0740-28,0742-2822,5,53083,1,1.7,0.2,-1,1,0.166762,1.68E-14,2,7:42:49 AM,-28:22:43.7,243.773358,-2.444592
148,B0740-28,0742-2822,6,53467.7,0.3,1.8,0.1,4.6,0.5,0.166762,1.68E-14,2,7:42:49 AM,-28:22:43.7,243.773358,-2.444592
149,B0740-28,0742-2822,7,55020.469,0.004,92,2,-372,96,0.166762,1.68E-14,2,7:42:49 AM,-28:22:43.7,243.773358,-2.444592
150,B0740-28,0742-2822,8,56727.7,0.1,1.9,0.05,0.5,0.1,0.166762,1.68E-14,2,7:42:49 AM,-28:22:43.7,243.773358,-2.444592
151,B0756-15,0758-1528,1,49963,4,0.11,0.03,2,2,0.682265,1.62E-15,2.71,7:58:29 AM,-15:28:08.7,234.464177,7.223677
152,B0833-45,0835-4510,1,40280,4,2340,10,10,1,0.089328,1.25E-13,0.287,8:35:21 AM,-45:10:34.8,263.551786,-2.787328
153,B0833-45,0835-4510,2,41192,8,2050,30,15,6,0.089328,1.25E-13,0.287,8:35:21 AM,-45:10:34.8,263.551786,-2.787328
154,B0833-45,0835-4510,3,41312,4,12,2,3,6,0.089328,1.25E-13,0.287,8:35:21 AM,-45:10:34.8,263.551786,-2.787328
155,B0833-45,0835-4510,4,42683,3,1990,10,11,7,0.089328,1.25E-13,0.287,8:35:21 AM,-45:10:34.8,263.551786,-2.787328
156,B0833-45,0835-4510,5,43693,12,3060,60,18,9,0.089328,1.25E-13,0.287,8:35:21 AM,-45:10:34.8,263.551786,-2.787328
157,B0833-45,0835-4510,6,44888.4,0.4,1145,3,49,4,0.089328,1.25E-13,0.287,8:35:21 AM,-45:10:34.8,263.551786,-2.787328
158,B0833-45,0835-4510,7,45192,1,2050,10,23,1,0.089328,1.25E-13,0.287,8:35:21 AM,-45:10:34.8,263.551786,-2.787328
159,B0833-45,0835-4510,8,46257.228,0.001,1601,1,17,1,0.089328,1.25E-13,0.287,8:35:21 AM,-45:10:34.8,263.551786,-2.787328
160,B0833-45,0835-4510,9,47519.8036,0.0001,1805,1,77,6,0.089328,1.25E-13,0.287,8:35:21 AM,-45:10:34.8,263.551786,-2.787328
161,B0833-45,0835-4510,10,48457.382,0.001,2715,2,600,60,0.089328,1.25E-13,0.287,8:35:21 AM,-45:10:34.8,263.551786,-2.787328
162,B0833-45,0835-4510,11,49559,0.2,835,2,0,5,0.089328,1.25E-13,0.287,8:35:21 AM,-45:10:34.8,263.551786,-2.787328
163,B0833-45,0835-4510,12,49591.2,X,199,2,120,20,0.089328,1.25E-13,0.287,8:35:21 AM,-45:10:34.8,263.551786,-2.787328
164,B0833-45,0835-4510,13,50369.345,0.002,2110,17,5.95,0.03,0.089328,1.25E-13,0.287,8:35:21 AM,-45:10:34.8,263.551786,-2.787328
165,B0833-45,0835-4510,14,51559.319,0.001,3085.72,0.04,6.736,0.001,0.089328,1.25E-13,0.287,8:35:21 AM,-45:10:34.8,263.551786,-2.787328
166,B0833-45,0835-4510,15,53193,X,2100,X,X,X,0.089328,1.25E-13,0.287,8:35:21 AM,-45:10:34.8,263.551786,-2.787328
167,B0833-45,0835-4510,16,53960,X,2620,X,230,40,0.089328,1.25E-13,0.287,8:35:21 AM,-45:10:34.8,263.551786,-2.787328
168,B0833-45,0835-4510,17,55408.8,X,1940,X,75,1,0.089328,1.25E-13,0.287,8:35:21 AM,-45:10:34.8,263.551786,-2.787328
169,B0833-45,0835-4510,18,56556,X,3100,X,148,1,0.089328,1.25E-13,0.287,8:35:21 AM,-45:10:34.8,263.551786,-2.787328
170,B0833-45,0835-4510,19,56922,3,0.4,X,0.1,X,0.089328,1.25E-13,0.287,8:35:21 AM,-45:10:34.8,263.551786,-2.787328
171,B0833-45,0835-4510,20,57734.48499,0,1431,X,X,X,0.089328,1.25E-13,0.287,8:35:21 AM,-45:10:34.8,263.551786,-2.787328
172,J0834-4159,0834-4159,1,53415,2,102.7,0.1,0.26,0.04,0.121116,4.44E-15,5.51,8:34:16 AM,-41:59:51,260.886439,-1.041759
173,B0844-35,0846-3533,1,55665.4,0.3,0.74,0.04,3,1,1.116098,1.6E-15,0.54,8:46:06 AM,-35:33:41.2,257.189875,4.709844
174,B0853-33,0855-3331,1,54521,18,0.06,0.01,0.03,0.01,1.267536,6.32E-15,0.5,8:55:38 AM,-33:31:39.3,256.847434,7.516754
175,J0905-5127,0905-5127,1,49552,2,13.6,0.4,-1.8,0.9,0.346287,2.49E-14,1.33,9:05:52 AM,-51:27:48.7,271.631599,-2.853373
176,J0905-5127,0905-5127,2,52931,67,8.3,0.5,1.2,0.1,0.346287,2.49E-14,1.33,9:05:52 AM,-51:27:48.7,271.631599,-2.853373
177,B0919+06,0922+0638,1,55152,6,1257,1,X,X,0.430627,1.37E-14,1.1,9:22:14 AM,+06:38:23.3,225.419816,36.392352
178,J1016-5857,1016-5857,1,52549,22,1622.6,0.5,3.7,0.1,0.107386,8.08E-14,3.16,10:16:21 AM,-58:57:12.1,284.079215,-1.879948
179,J1016-5857,1016-5857,2,55041,30,1912,0.4,4.4,0.3,0.107386,8.08E-14,3.16,10:16:21 AM,-58:57:12.1,284.079215,-1.879948
180,J1023-5746,1023-5746,1,55041,X,3560,X,X,X,0.111472,3.84E-13,2.08,10:23:03 AM,-57:46:05,284.165635,-0.407377
181,B1046-58,1048-5832,1,48944,2,19,2,0.3,0.1,0.123725,9.61E-14,2.9,10:48:13 AM,-58:32:06.2,287.426491,0.577244
182,B1046-58,1048-5832,2,49034,9,3000,10,3.7,0.1,0.123725,9.61E-14,2.9,10:48:13 AM,-58:32:06.2,287.426491,0.577244
183,B1046-58,1048-5832,3,50791.49,5,768,1,14,5,0.123725,9.61E-14,2.9,10:48:13 AM,-58:32:06.2,287.426491,0.577244
184,B1046-58,1048-5832,4,52733,37,1838.4,9,3.7,0.3,0.123725,9.61E-14,2.9,10:48:13 AM,-58:32:06.2,287.426491,0.577244
185,B1046-58,1048-5832,5,53673,0.8,28.5,0.4,0.2,0.1,0.123725,9.61E-14,2.9,10:48:13 AM,-58:32:06.2,287.426491,0.577244
186,B1046-58,1048-5832,6,54495,10,3043.1,0.2,4.77,0.02,0.123725,9.61E-14,2.9,10:48:13 AM,-58:32:06.2,287.426491,0.577244
187,1E_1048.1-5937,1048-5937,1,52386,2,2900,100,76,4,6.457875,2.25E-11,9,10:50:09 AM,-59:53:19.9,288.259659,-0.518086
188,1E_1048.1-5937,1048-5937,2,54185.9,1,16300,200,-111,74,6.457875,2.25E-11,9,10:50:09 AM,-59:53:19.9,288.259659,-0.518086
189,J1052-5954,1052-5954,1,54526,22,6747.8,0.7,14.1,0.4,0.180592,2E-14,3.14,10:52:38 AM,-59:54:44.1,288.549195,-0.400271
190,J1105-6107,1105-6107,1,50417,16,279.7,0.2,4.63,0.04,0.063202,1.58E-14,2.36,11:05:26 AM,-61:07:48.9,290.48927,-0.845681
191,J1105-6107,1105-6107,2,50610,3,2,3,0.19,0.01,0.063202,1.58E-14,2.36,11:05:26 AM,-61:07:48.9,290.48927,-0.845681
192,J1105-6107,1105-6107,3,51598,147,971.7,0.5,0.1,0.1,0.063202,1.58E-14,2.36,11:05:26 AM,-61:07:48.9,290.48927,-0.845681
193,J1105-6107,1105-6107,4,54711,21,23,1,0.0,0.3,0.063202,1.58E-14,2.36,11:05:26 AM,-61:07:48.9,290.48927,-0.845681
194,J1105-6107,1105-6107,5,55288,16,954.4,0.1,X,X,0.063202,1.58E-14,2.36,11:05:26 AM,-61:07:48.9,290.48927,-0.845681
195,J1112-6103,1112-6103,1,51395,134,1825,25,4.7,0.4,0.064962,3.15E-14,4.5,11:12:15 AM,-61:03:31.1,291.221304,-0.462488
196,J1112-6103,1112-6103,2,53337,30,1202,21,7,2,0.064962,3.15E-14,4.5,11:12:15 AM,-61:03:31.1,291.221304,-0.462488
197,J1119-6127,1119-6127,1,51398,4,4.4,0.4,0.04,0.01,0.407963,4.02E-12,8.4,11:19:14 AM,-61:27:49.5,292.151295,-0.536942
198,J1119-6127,1119-6127,2,53290,X,321,33,6,1,0.407963,4.02E-12,8.4,11:19:14 AM,-61:27:49.5,292.151295,-0.536942
199,J1119-6127,1119-6127,3,54240,X,5419,794,197.8,0.4,0.407963,4.02E-12,8.4,11:19:14 AM,-61:27:49.5,292.151295,-0.536942
200,J1119-6127,1119-6127,4,57597.5,0.5,5790,200,X,X,0.407963,4.02E-12,8.4,11:19:14 AM,-61:27:49.5,292.151295,-0.536942
201,J1123-6259,1123-6259,1,49705.87,0.01,749,1,1,0.4,0.271434,5.25E-15,2.19,11:23:56 AM,-62:59:10.7,293.182809,-1.782948
202,J1124-5916,1124-5916,1,55191,X,16,1,4.73,0.05,0.135477,7.53E-13,5,11:24:39 AM,-59:16:19,292.038038,1.751741
203,J1141-3322,1141-3322,1,50521.31,0.03,0.4,0.1,-4,5,0.291468,4.63E-16,1.85,11:41:43 AM,-33:22:37.4,286.585588,27.271777
204,B1259-63,1302-6350,1,50691,1,3.2,0.1,2.5,0.1,0.047763,2.28E-15,2.63,1:02:48 PM,-63:50:08.6,304.183475,-0.991571
205,J1301-6305,1301-6305,1,51923,23,4630,17,8.6,0.1,0.184528,2.67E-13,10.72,1:01:46 PM,-63:05:33.9,304.099611,-0.24441
206,J1301-6305,1301-6305,2,53383,12,2664,6,3.9,0.1,0.184528,2.67E-13,10.72,1:01:46 PM,-63:05:33.9,304.099611,-0.24441
207,B1325-43,1328-4357,1,43590,24,116,X,X,X,0.532699,3.01E-15,1.42,1:28:06 PM,-43:57:44.1,309.873883,18.414681
208,B1338-62,1341-6220,1,47989,21,1509,1,0.2,0.1,0.19334,2.53E-13,12.6,1:41:43 PM,-62:20:20.7,308.729684,-0.034578
209,B1338-62,1341-6220,2,48453,12,23,7,-0.5,0.1,0.19334,2.53E-13,12.6,1:41:43 PM,-62:20:20.7,308.729684,-0.034578
210,B1338-62,1341-6220,3,48645,10,996,3,0.7,0.1,0.19334,2.53E-13,12.6,1:41:43 PM,-62:20:20.7,308.729684,-0.034578
211,B1338-62,1341-6220,4,49134,22,13,13,0.6,0.2,0.19334,2.53E-13,12.6,1:41:43 PM,-62:20:20.7,308.729684,-0.034578
212,B1338-62,1341-6220,5,49363,130,146,38,0.7,0.2,0.19334,2.53E-13,12.6,1:41:43 PM,-62:20:20.7,308.729684,-0.034578
213,B1338-62,1341-6220,6,49523,17,37,35,-0.6,0.1,0.19334,2.53E-13,12.6,1:41:43 PM,-62:20:20.7,308.729684,-0.034578
214,B1338-62,1341-6220,7,49766,2,15,2,-0.3,0.1,0.19334,2.53E-13,12.6,1:41:43 PM,-62:20:20.7,308.729684,-0.034578
215,B1338-62,1341-6220,8,49904,16,31,1,-1.9,0.4,0.19334,2.53E-13,12.6,1:41:43 PM,-62:20:20.7,308.729684,-0.034578
216,B1338-62,1341-6220,9,50008,16,1648,3,3.3,0.4,0.19334,2.53E-13,12.6,1:41:43 PM,-62:20:20.7,308.729684,-0.034578
217,B1338-62,1341-6220,10,50322,1,30,1,0.6,0.1,0.19334,2.53E-13,12.6,1:41:43 PM,-62:20:20.7,308.729684,-0.034578
218,B1338-62,1341-6220,11,50529,1,23,1,1.0,0.4,0.19334,2.53E-13,12.6,1:41:43 PM,-62:20:20.7,308.729684,-0.034578
219,B1338-62,1341-6220,12,50683,13,708,1,1.2,0.3,0.19334,2.53E-13,12.6,1:41:43 PM,-62:20:20.7,308.729684,-0.034578
220,B1338-62,1341-6220,13,51144,11,170,1,X,X,0.19334,2.53E-13,12.6,1:41:43 PM,-62:20:20.7,308.729684,-0.034578
221,B1338-62,1341-6220,14,51617,165,1121.5,0.8,X,X,0.19334,2.53E-13,12.6,1:41:43 PM,-62:20:20.7,308.729684,-0.034578
222,B1338-62,1341-6220,15,52093,53,480,4,X,X,0.19334,2.53E-13,12.6,1:41:43 PM,-62:20:20.7,308.729684,-0.034578
223,B1338-62,1341-6220,16,52250,16,454.5,0.7,X,X,0.19334,2.53E-13,12.6,1:41:43 PM,-62:20:20.7,308.729684,-0.034578
224,B1338-62,1341-6220,17,52788,17,219.2,0.2,-8.3,0.3,0.19334,2.53E-13,12.6,1:41:43 PM,-62:20:20.7,308.729684,-0.034578
225,B1338-62,1341-6220,18,53232,10,277,3,X,X,0.19334,2.53E-13,12.6,1:41:43 PM,-62:20:20.7,308.729684,-0.034578
226,B1338-62,1341-6220,19,53471,17,985,6,X,X,0.19334,2.53E-13,12.6,1:41:43 PM,-62:20:20.7,308.729684,-0.034578
227,B1338-62,1341-6220,20,54128,16,194,0.8,5.0,0.1,0.19334,2.53E-13,12.6,1:41:43 PM,-62:20:20.7,308.729684,-0.034578
228,B1338-62,1341-6220,21,54468,18,3078.2,0.3,X,X,0.19334,2.53E-13,12.6,1:41:43 PM,-62:20:20.7,308.729684,-0.034578
229,B1338-62,1341-6220,22,54870,11,3066.7,0.3,X,X,0.19334,2.53E-13,12.6,1:41:43 PM,-62:20:20.7,308.729684,-0.034578
230,B1338-62,1341-6220,23,55088,16,1579,2,X,X,0.19334,2.53E-13,12.6,1:41:43 PM,-62:20:20.7,308.729684,-0.034578
231,J1357-6429,1357-6429,1,52021,8,2428,1,6.3,0.1,0.166108,3.6E-13,3.1,1:57:02 PM,-64:29:30.2,309.922653,-2.514066
232,J1357-6429,1357-6429,2,54803,17,1752,7,2.8,2.8,0.166108,3.6E-13,3.1,1:57:02 PM,-64:29:30.2,309.922653,-2.514066
233,J1410-6132,1410-6132,1,54652,19,272.6,0.5,-3.31,0.05,0.050052,3.2E-14,13.51,2:10:24 PM,-61:32:00,312.196462,-0.090092
234,J1412-6145,1412-6145,1,51868,10,7253,3,18,2,0.315225,9.87E-14,7.11,2:12:08 PM,-61:45:28.8,312.32354,-0.366415
235,J1413-6205,1413-6205,1,54735,X,1730,X,X,X,0.109741,2.77E-14,2.15,2:13:30 PM,-62:05:38,312.373073,-0.735754
236,J1413-6141,1413-6141,1,51290,3,39,4,X,X,0.285625,3.33E-13,8.49,2:13:10 PM,-61:41:13,312.462262,-0.336746
237,J1413-6141,1413-6141,2,51463,9,970,2,X,X,0.285625,3.33E-13,8.49,2:13:10 PM,-61:41:13,312.462262,-0.336746
238,J1413-6141,1413-6141,3,51796.3,0.4,59.7,0.4,-0.3,0,0.285625,3.33E-13,8.49,2:13:10 PM,-61:41:13,312.462262,-0.336746
239,J1413-6141,1413-6141,4,52092,53,811,2,0.3,0.6,0.285625,3.33E-13,8.49,2:13:10 PM,-61:41:13,312.462262,-0.336746
240,J1413-6141,1413-6141,5,52899.4,0.3,46.9,0.8,X,X,0.285625,3.33E-13,8.49,2:13:10 PM,-61:41:13,312.462262,-0.336746
241,J1413-6141,1413-6141,6,53125,24,1410,5,X,X,0.285625,3.33E-13,8.49,2:13:10 PM,-61:41:13,312.462262,-0.336746
242,J1413-6141,1413-6141,7,54286,18,2409.8,1.1,0.4,0.4,0.285625,3.33E-13,8.49,2:13:10 PM,-61:41:13,312.462262,-0.336746
243,J1420-6048,1420-6048,1,51600,77,1146.2,30,3.8,0.1,0.06818,8.32E-14,5.63,2:20:08 PM,-60:48:16.4,313.541104,0.227025
244,J1420-6048,1420-6048,2,52754,16,2019,13,6.6,0.9,0.06818,8.32E-14,5.63,2:20:08 PM,-60:48:16.4,313.541104,0.227025
245,J1420-6048,1420-6048,3,53725,9,1270,4,3.9,0.3,0.06818,8.32E-14,5.63,2:20:08 PM,-60:48:16.4,313.541104,0.227025
246,J1420-6048,1420-6048,4,54652,20,937.1,0.3,2.95,0.01,0.06818,8.32E-14,5.63,2:20:08 PM,-60:48:16.4,313.541104,0.227025
247,J1420-6048,1420-6048,5,55410,19,1346,0.2,X,X,0.06818,8.32E-14,5.63,2:20:08 PM,-60:48:16.4,313.541104,0.227025
248,B1449-64,1453-6413,1,54552,4,0.3,0.02,0.6,0.1,0.179487,2.74E-15,2.8,2:53:33 PM,-64:13:16.0,315.732687,-4.42742
249,J1452-6036,1452-6036,1,55055.22,0.04,29,0.2,0.19,0,0.154991,1.45E-15,6.13,2:52:52 PM,-60:36:31.3,317.295609,-1.168665
250,B1508+55,1509+5531,1,41732,58,0.2,0.1,-6,1,0.739682,5E-15,2.1,3:09:26 PM,+55:31:32.3,91.325462,52.287016
251,B1530+27,1532+2745,1,49732,3,0.29,0.04,-1,2,1.124836,7.8E-16,1.69,3:32:10 PM,+27:45:49.6,43.480621,54.495311
252,J1531-5610,1531-5610,1,51731,51,2637,11,25,10,0.084202,1.37E-14,2.84,3:31:28 PM,-56:10:55.0,323.896984,0.032733
253,B1535-56,1539-5626,1,48165,15,2793,1,1,1,0.243396,4.85E-15,3.54,3:39:14 PM,-56:26:26.3,324.620927,-0.806138
254,B1610-50,1614-5048,1,49803,16,6460,80,9.7,0.2,0.231694,4.95E-13,5.15,4:14:11 PM,-50:48:03.5,332.206279,0.171815
255,B1610-50,1614-5048,2,53013,24,6242,37,9.14,0.04,0.231694,4.95E-13,5.15,4:14:11 PM,-50:48:03.5,332.206279,0.171815
256,J1617-5055,1617-5055,1,46960,760,600,5,X,X,0.069357,1.35E-13,4.74,4:17:29 PM,-50:55:13.2,332.49941,-0.275142
257,J1635-26,1635-26,1,56481,1,0.71,0.04,0.3,0.2,0.5105,4.06E-15,8.3,4:36:12 PM,-26:14:47.0,353.119501,14.036219
258,B1641-45,1644-4559,1,43390,63,191,1,2,1,0.455078,2.01E-14,4.5,4:44:49 PM,-45:59:09.7,339.192998,-0.194791
259,B1641-45,1644-4559,2,46453,35,803.6,0.1,0.5,0.3,0.455078,2.01E-14,4.5,4:44:49 PM,-45:59:09.7,339.192998,-0.194791
260,B1641-45,1644-4559,3,47589,4,1.61,0.04,1.1,0.1,0.455078,2.01E-14,4.5,4:44:49 PM,-45:59:09.7,339.192998,-0.194791
261,B1643-43,1646-4346,1,53876,73,885,5,1.5,0.4,0.231603,1.13E-13,6.23,4:46:51 PM,-43:46:38,341.105455,0.967751
262,CXO_J164710.2-455216,1647-4552,1,53999,X,65000,3000,X,X,10.610656,8.33E-13,3.9,4:47:10 PM,-45:52:16.8,339.545761,-0.430801
263,J1702-4310,1702-4310,1,53943,169,4810,104,17,13,0.240524,2.24E-13,4.33,5:02:27 PM,-43:10:40,343.352129,-0.85231
264,B1702-19,1705-1906,1,48902,1,0.4,0.1,1,1,0.298987,4.14E-15,0.75,5:05:36 PM,-19:06:38.6,3.188406,13.026755
265,J1705-3423,1705-3423,1,51956,1,0.59,0.04,1,1,0.255427,1.08E-15,3.84,5:05:42 PM,-34:23:43.4,350.720761,3.975382
266,J1705-3423,1705-3423,2,54408,2,0.57,0.04,3,1,0.255427,1.08E-15,3.84,5:05:42 PM,-34:23:43.4,350.720761,3.975382
267,J1705-3423,1705-3423,3,55503,1,0.6,0.1,5,1,0.255427,1.08E-15,3.84,5:05:42 PM,-34:23:43.4,350.720761,3.975382
268,B1706-16,1709-1640,1,57592.3,0.5,0.373,0.002,0,0,0.653054,6.31E-15,0.56,5:09:26 PM,-16:40:57.7,5.77458,13.65741
269,B1706-44,1709-4429,1,48775,15,2057,2,4.0,0.1,0.102459,9.3E-14,2.6,5:09:43 PM,-44:29:08.2,343.097824,-2.685699
270,B1706-44,1709-4429,2,51488,37,1167,17,6.2,0.2,0.102459,9.3E-14,2.6,5:09:43 PM,-44:29:08.2,343.097824,-2.685699
271,B1706-44,1709-4429,3,52716,57,2872,26,8.0,0.1,0.102459,9.3E-14,2.6,5:09:43 PM,-44:29:08.2,343.097824,-2.685699
272,B1706-44,1709-4429,4,54710,22,2749.7,0.1,4.95,0.01,0.102459,9.3E-14,2.6,5:09:43 PM,-44:29:08.2,343.097824,-2.685699
273,B1706-44,1709-4429,5,58176,6,52.4,0.1,X,X,0.102459,9.3E-14,2.6,5:09:43 PM,-44:29:08.2,343.097824,-2.685699
274,1RXS_J1708-4009,1708-4008,1,51445,X,561,33,5,3,11.006262,1.96E-11,3.8,5:08:47 PM,-40:08:52.4,346.480805,0.036279
275,1RXS_J1708-4009,1708-4008,2,52016,X,4202,44,620,1,11.006262,1.96E-11,3.8,5:08:47 PM,-40:08:52.4,346.480805,0.036279
276,1RXS_J1708-4009,1708-4008,3,52990,X,308,44,0,0,11.006262,1.96E-11,3.8,5:08:47 PM,-40:08:52.4,346.480805,0.036279
277,1RXS_J1708-4009,1708-4008,4,53366,X,572,66,12,8,11.006262,1.96E-11,3.8,5:08:47 PM,-40:08:52.4,346.480805,0.036279
278,1RXS_J1708-4009,1708-4008,5,53549,X,2707,99,12,12,11.006262,1.96E-11,3.8,5:08:47 PM,-40:08:52.4,346.480805,0.036279
279,1RXS_J1708-4009,1708-4008,6,53636,X,737,33,-36,3,11.006262,1.96E-11,3.8,5:08:47 PM,-40:08:52.4,346.480805,0.036279
280,B1717-16,1720-1633,1,51169,1,1.5,0.2,8,3,1.565601,5.8E-15,0.99,5:20:25 PM,-16:33:33.7,7.374056,11.536725
281,J1718-3825,1718-3825,1,54911,2,1.94,0.03,-0.12,0.04,0.07467,1.32E-14,3.49,5:18:13 PM,-38:25:18.0,348.950707,-0.431488
282,B1718-35,1721-3532,1,49971,2,7.5,0.3,0.3,0.4,0.280424,2.52E-14,4.6,5:21:33 PM,-35:32:49.6,351.687163,0.670541
283,J1718-3718,1718-3718,1,54610,244,33250,10,6,1,3.378574,1.61E-12,3.92,5:18:10 PM,-37:18:53,349.848839,0.215682
284,J1726-3530,1726-3530,1,57569,5,14,2,X,X,1.110132,1.22E-12,4.72,5:26:08 PM,-35:29:58,352.25213,-0.072097
285,B1727-33,1730-3350,1,48000,10,3033,8,4,6,0.13946,8.48E-14,3.49,5:30:32 PM,-33:50:39.4,354.133008,0.090271
286,B1727-33,1730-3350,2,52107,19,3202,1,5.9,0.1,0.13946,8.48E-14,3.49,5:30:32 PM,-33:50:39.4,354.133008,0.090271
287,B1727-33,1730-3350,3,55930,4,2250,2,7.1,0.1,0.13946,8.48E-14,3.49,5:30:32 PM,-33:50:39.4,354.133008,0.090271
288,B1727-47,1731-4744,1,49387.2,0.1,137,1,1.5,0.4,0.829829,1.64E-13,0.7,5:31:42 PM,-47:44:36.2,342.564938,-7.668948
289,B1727-47,1731-4744,2,50718.1,0.1,4.4,0.2,4,1,0.829829,1.64E-13,0.7,5:31:42 PM,-47:44:36.2,342.564938,-7.668948
290,B1727-47,1731-4744,3,52472.7,0.02,126.4,0.3,3.4,0.2,0.829829,1.64E-13,0.7,5:31:42 PM,-47:44:36.2,342.564938,-7.668948
291,B1727-47,1731-4744,4,53582,6,2.7,0.1,0.2,0.2,0.829829,1.64E-13,0.7,5:31:42 PM,-47:44:36.2,342.564938,-7.668948
292,B1727-47,1731-4744,5,57984,20,3147.7,0.1,X,X,0.829829,1.64E-13,0.7,5:31:42 PM,-47:44:36.2,342.564938,-7.668948
293,J1730-3353,1730-3353,1,54004,1,68.9,0.7,X,X,3.270242,2.2E-14,3.46,5:30:55 PM,-33:53:38,354.135303,-0.003472
294,J1734-3333,1734-3333,1,56344.4,0.5,103,8,1,1,1.169341,2.28E-12,4.46,5:34:27 PM,-33:33:20,354.818616,-0.432727
295,B1736-29,1739-2903,1,46965,1,3.3,0.2,1.7,1,0.322888,7.87E-15,2.91,5:39:34 PM,-29:03:02.9,359.205957,1.064359
296,B1737-30,1740-3015,1,46991,19,421,4,3.4,0.2,0.606887,4.66E-13,0.4,5:40:34 PM,-30:15:43.5,358.29428,0.238085
297,B1737-30,1740-3015,2,47289,7,31,5,11,12,0.606887,4.66E-13,0.4,5:40:34 PM,-30:15:43.5,358.29428,0.238085
298,B1737-30,1740-3015,3,47337,27,7,4,3,12,0.606887,4.66E-13,0.4,5:40:34 PM,-30:15:43.5,358.29428,0.238085
299,B1737-30,1740-3015,4,47466,8,26,2,0,3,0.606887,4.66E-13,0.4,5:40:34 PM,-30:15:43.5,358.29428,0.238085
300,B1737-30,1740-3015,5,47670.22,0.01,600,1,3,1,0.606887,4.66E-13,0.4,5:40:34 PM,-30:15:43.5,358.29428,0.238085
301,B1737-30,1740-3015,6,48158,1,10,1,12,2,0.606887,4.66E-13,0.4,5:40:34 PM,-30:15:43.5,358.29428,0.238085
302,B1737-30,1740-3015,7,48191.69,0,659,7,57,13,0.606887,4.66E-13,0.4,5:40:34 PM,-30:15:43.5,358.29428,0.238085
303,B1737-30,1740-3015,8,48218,2,48,10,8,12,0.606887,4.66E-13,0.4,5:40:34 PM,-30:15:43.5,358.29428,0.238085
304,B1737-30,1740-3015,9,48431.3,0.4,16,2,3,2,0.606887,4.66E-13,0.4,5:40:34 PM,-30:15:43.5,358.29428,0.238085
305,B1737-30,1740-3015,10,49047.5,0.5,17,1,2,1,0.606887,4.66E-13,0.4,5:40:34 PM,-30:15:43.5,358.29428,0.238085
306,B1737-30,1740-3015,11,49239.07,0.02,169.7,0.2,1.3,0.2,0.606887,4.66E-13,0.4,5:40:34 PM,-30:15:43.5,358.29428,0.238085
307,B1737-30,1740-3015,12,49459,2,10,1,2,1,0.606887,4.66E-13,0.4,5:40:34 PM,-30:15:43.5,358.29428,0.238085
308,B1737-30,1740-3015,13,49542.3,0.1,6,1,1,1,0.606887,4.66E-13,0.4,5:40:34 PM,-30:15:43.5,358.29428,0.238085
309,B1737-30,1740-3015,14,50574.83,0.01,442.5,0.3,2.4,0.1,0.606887,4.66E-13,0.4,5:40:34 PM,-30:15:43.5,358.29428,0.238085
310,B1737-30,1740-3015,15,50939,6,1444,1,1.8,0.1,0.606887,4.66E-13,0.4,5:40:34 PM,-30:15:43.5,358.29428,0.238085
311,B1737-30,1740-3015,16,51685,21,0.7,0.4,0.1,0.1,0.606887,4.66E-13,0.4,5:40:34 PM,-30:15:43.5,358.29428,0.238085
312,B1737-30,1740-3015,17,51827,2,0.9,0.3,0.1,0.2,0.606887,4.66E-13,0.4,5:40:34 PM,-30:15:43.5,358.29428,0.238085
313,B1737-30,1740-3015,18,52048,9,2,3,1,2,0.606887,4.66E-13,0.4,5:40:34 PM,-30:15:43.5,358.29428,0.238085
314,B1737-30,1740-3015,19,52245,2,4,1,-1,2,0.606887,4.66E-13,0.4,5:40:34 PM,-30:15:43.5,358.29428,0.238085
315,B1737-30,1740-3015,20,52266,0.2,16,1,-3,1,0.606887,4.66E-13,0.4,5:40:34 PM,-30:15:43.5,358.29428,0.238085
316,B1737-30,1740-3015,21,52346.6,0.1,158,0.4,1,1,0.606887,4.66E-13,0.4,5:40:34 PM,-30:15:43.5,358.29428,0.238085
317,B1737-30,1740-3015,22,52576,3,0.9,0.2,-0.1,0.1,0.606887,4.66E-13,0.4,5:40:34 PM,-30:15:43.5,358.29428,0.238085
318,B1737-30,1740-3015,23,52779.7,0.04,1.7,0.2,-0.1,0.2,0.606887,4.66E-13,0.4,5:40:34 PM,-30:15:43.5,358.29428,0.238085
319,B1737-30,1740-3015,24,52858.78,0.03,18.6,0.3,1.4,0.4,0.606887,4.66E-13,0.4,5:40:34 PM,-30:15:43.5,358.29428,0.238085
320,B1737-30,1740-3015,25,52942.5,0.1,20.2,0.2,1.5,0.3,0.606887,4.66E-13,0.4,5:40:34 PM,-30:15:43.5,358.29428,0.238085
321,B1737-30,1740-3015,26,53023.52,0,1850.9,0.3,2.4,0.4,0.606887,4.66E-13,0.4,5:40:34 PM,-30:15:43.5,358.29428,0.238085
322,B1737-30,1740-3015,27,53473.56,1,0.8,0.2,0.2,0.2,0.606887,4.66E-13,0.4,5:40:34 PM,-30:15:43.5,358.29428,0.238085
323,B1737-30,1740-3015,28,54450.19,0.01,45.9,0.3,4,1,0.606887,4.66E-13,0.4,5:40:34 PM,-30:15:43.5,358.29428,0.238085
324,B1737-30,1740-3015,29,54695.19,0.02,3,0.2,1,0,0.606887,4.66E-13,0.4,5:40:34 PM,-30:15:43.5,358.29428,0.238085
325,B1737-30,1740-3015,30,54810.9,0.1,5.2,0.3,1,0,0.606887,4.66E-13,0.4,5:40:34 PM,-30:15:43.5,358.29428,0.238085
326,B1737-30,1740-3015,31,54928.6,0.1,2.3,0.2,1,0,0.606887,4.66E-13,0.4,5:40:34 PM,-30:15:43.5,358.29428,0.238085
327,B1737-30,1740-3015,32,55213,34,2668,2,1.3,0.1,0.606887,4.66E-13,0.4,5:40:34 PM,-30:15:43.5,358.29428,0.238085
328,B1737-30,1740-3015,33,55936.2,0.1,18.6,0.1,0.2,0.1,0.606887,4.66E-13,0.4,5:40:34 PM,-30:15:43.5,358.29428,0.238085
329,B1737-30,1740-3015,34,57346,0.6,1.94,0.02,0,0,0.606887,4.66E-13,0.4,5:40:34 PM,-30:15:43.5,358.29428,0.238085
330,B1737-30,1740-3015,35,57468.59,0.4,229,2,0,0,0.606887,4.66E-13,0.4,5:40:34 PM,-30:15:43.5,358.29428,0.238085
331,B1737-30,1740-3015,36,58240.781,0.005,837.88,0.28,1.63,0.14,0.606887,4.66E-13,0.4,5:40:34 PM,-30:15:43.5,358.29428,0.238085
332,J1737-3102,1737-3102,1,57100.1,0.5,2.718,0.005,7.02,0.05,0.768672,3.73E-14,3.6,5:37:34 PM,-31:02:00.5,357.297453,0.372938
333,J1737-3137,1737-3137,1,51559,2,4,1,0,1,0.450432,1.39E-13,4.16,5:37:04 PM,-31:37:21,356.744055,0.145484
334,J1737-3137,1737-3137,2,53040,12,234,1,2.9,0.2,0.450432,1.39E-13,4.16,5:37:04 PM,-31:37:21,356.744055,0.145484
335,J1737-3137,1737-3137,3,54348,4,1342.4,0.2,1.4,0.2,0.450432,1.39E-13,4.16,5:37:04 PM,-31:37:21,356.744055,0.145484
336,J1737-3137,1737-3137,4,57116,3,6.7,0.2,0,X,0.450432,1.39E-13,4.16,5:37:04 PM,-31:37:21,356.744055,0.145484
337,B1740-31,1743-3150,1,49572,1,2.2,0.4,2,1,2.414576,1.21E-13,3.33,5:43:37 PM,-31:50:21.7,357.298342,-1.14819
338,J1740+1000,1740+1000,1,54747.6,0.1,1.2,0.4,1,1,0.154087,2.15E-14,1.23,5:40:26 PM,+10:00:06.3,34.010577,20.268463
339,J1740+1000,1740+1000,2,56160,3,2917,2,38,4,0.154087,2.15E-14,1.23,5:40:26 PM,+10:00:06.3,34.010577,20.268463
340,J1746-2856,1746-2856,1,57045,2,24.4,0.2,2.9,0.2,0.945224,1.25E-14,8.15,5:46:50 PM,-28:56:58.9,0.126089,-0.233157
341,J1751-3323,1751-3323,1,53004,6,2.3,0.3,-1,1,0.548227,8.83E-15,14.28,5:51:33 PM,-33:23:39.6,356.829173,-3.381939
342,J1751-3323,1751-3323,2,54435,8,3,1,-1,3,0.548227,8.83E-15,14.28,5:51:33 PM,-33:23:39.6,356.829173,-3.381939
343,J1751-3323,1751-3323,3,57025,4,12.6,0.6,0,0,0.548227,8.83E-15,14.28,5:51:33 PM,-33:23:39.6,356.829173,-3.381939
344,J1751-3323,1751-3323,4,58438,3,3.4,0.8,27,4,0.548227,8.83E-15,14.28,5:51:33 PM,-33:23:39.6,356.829173,-3.381939
345,B1754-24,1757-2421,1,55716,12,7800,1,27,1,0.234106,1.3E-14,3.12,5:57:29 PM,-24:22:07.4,5.280529,0.053751
346,J1755-0900,J1755-0900,1,57630,3,0.85,0.05,-6,1,0.19071,7.81E-16,0.23,5:55:10 PM,-09:03:51.6,18.324092,8.150409
347,B1757-24,1801-2451,1,49476,3,1987.9,0.3,4.6,0.1,0.124924,1.28E-13,3.8,6:01:00 PM,-24:51:27.5,5.254299,-0.881869
348,B1757-24,1801-2451,2,50651,3,1247.4,0.3,4.7,0.2,0.124924,1.28E-13,3.8,6:01:00 PM,-24:51:27.5,5.254299,-0.881869
349,B1757-24,1801-2451,3,52055,7,3755.8,0.4,6.8,0.1,0.124924,1.28E-13,3.8,6:01:00 PM,-24:51:27.5,5.254299,-0.881869
350,B1757-24,1801-2451,4,53033.25,0.02,17.4,0.2,1.4,0.1,0.124924,1.28E-13,3.8,6:01:00 PM,-24:51:27.5,5.254299,-0.881869
351,B1757-24,1801-2451,5,54661,2,3101,1,9.3,0.1,0.124924,1.28E-13,3.8,6:01:00 PM,-24:51:27.5,5.254299,-0.881869
352,B1757-24,1757-24,6,56949.69,0.02,2407.8,0.4,5.67,0.05,0.124924,1.28E-13,3.8,6:01:00 PM,-24:51:27.5,5.254299,-0.881869
353,B1758-03,1801-0357,1,48000,1,3.1,0.1,2,2,0.921491,3.31E-15,5.74,6:01:23 PM,-03:57:55.0,23.595405,9.257228
354,B1758-23,1801-2304,1,46907,21,216.3,0.2,-0.5,0.1,0.415827,1.13E-13,4,6:01:20 PM,-23:04:44.6,6.83676,-0.06635
355,B1758-23,1801-2304,2,47855,24,230.7,0.3,-0.3,0.2,0.415827,1.13E-13,4,6:01:20 PM,-23:04:44.6,6.83676,-0.06635
356,B1758-23,1801-2304,3,48453.95,0.04,348,1,0,2,0.415827,1.13E-13,4,6:01:20 PM,-23:04:44.6,6.83676,-0.06635
357,B1758-23,1801-2304,4,49701.7,0.3,66,2,2,2,0.415827,1.13E-13,4,6:01:20 PM,-23:04:44.6,6.83676,-0.06635
358,B1758-23,1801-2304,5,50055.3,0.5,22,1,-2,1,0.415827,1.13E-13,4,6:01:20 PM,-23:04:44.6,6.83676,-0.06635
359,B1758-23,1801-2304,6,50363.06,0.02,81,1,2,2,0.415827,1.13E-13,4,6:01:20 PM,-23:04:44.6,6.83676,-0.06635
360,B1758-23,1801-2304,7,50939,6,6,3,4,5,0.415827,1.13E-13,4,6:01:20 PM,-23:04:44.6,6.83676,-0.06635
361,B1758-23,1801-2304,8,52093,26,646.7,0.2,0.9,0.2,0.415827,1.13E-13,4,6:01:20 PM,-23:04:44.6,6.83676,-0.06635
362,B1758-23,1801-2304,9,53306.98,0.01,497,1,-1,1,0.415827,1.13E-13,4,6:01:20 PM,-23:04:44.6,6.83676,-0.06635
363,B1758-23,1801-2304,10,55357.1,0.2,2,1,-1,1,0.415827,1.13E-13,4,6:01:20 PM,-23:04:44.6,6.83676,-0.06635
364,B1758-23,1801-2304,11,55851.7,0.5,1.5,0.1,0.35,0.02,0.415827,1.13E-13,4,6:01:20 PM,-23:04:44.6,6.83676,-0.06635
365,B1758-23,1801-2304,12,56158.36,0.002,513.9,0.2,1.4,0.1,0.415827,1.13E-13,4,6:01:20 PM,-23:04:44.6,6.83676,-0.06635
366,B1758-23,1801-2304,13,57586.04,0.1,96.1,0.1,0.19,0.17,0.415827,1.13E-13,4,6:01:20 PM,-23:04:44.6,6.83676,-0.06635
367,J1759-2922,1759-2922,1,54535,61,0.046,0.004,0,0,0.5744,4.63E-15,2.42,5:59:48 PM,-29:22:07,1.202062,-2.886496
368,B1800-21,1803-2137,1,48245,11,4074.4,0.3,9.3,0.1,0.133667,1.34E-13,4.4,6:03:51 PM,-21:37:07.3,8.39525,0.145903
369,B1800-21,1803-2137,2,50264.1,0.1,7.1,0.2,0.5,0.1,0.133667,1.34E-13,4.4,6:03:51 PM,-21:37:07.3,8.39525,0.145903
370,B1800-21,1803-2137,3,50777,4,3184,1,8,0.2,0.133667,1.34E-13,4.4,6:03:51 PM,-21:37:07.3,8.39525,0.145903
371,B1800-21,1803-2137,4,53429,1,3929.3,0.4,10.6,0.1,0.133667,1.34E-13,4.4,6:03:51 PM,-21:37:07.3,8.39525,0.145903
372,B1800-21,1803-2137,5,55775,2,4793,3,18.6,0.3,0.133667,1.34E-13,4.4,6:03:51 PM,-21:37:07.3,8.39525,0.145903
373,J1806-2125,1806-2125,1,51708,123,15773.1,12.3,37,3,0.481789,1.21E-13,4.87,6:06:19 PM,-21:25:40,8.842857,-0.261079
374,J1809-0119,1809-0119,1,55406,2,1.7,0.3,0,6,0.744976,2.29E-15,11.08,6:09:51 PM,-01:19:29.0,26.961746,8.627505
375,J1809-0119,1809-0119,2,55803,1,3,0.4,0,13,0.744976,2.29E-15,11.08,6:09:51 PM,-01:19:29.0,26.961746,8.627505
376,B1809-173,1812-1718,1,49932,1,1.5,0.2,6,3,1.205374,1.91E-14,3.68,6:12:07 PM,-17:18:29.5,13.108915,0.538322
377,B1809-173,1812-1718,2,53106.2,0.1,14.8,0.2,7,4,1.205374,1.91E-14,3.68,6:12:07 PM,-17:18:29.5,13.108915,0.538322
378,B1809-173,1812-1718,3,54365.8,0.3,1.4,0.1,1,1,1.205374,1.91E-14,3.68,6:12:07 PM,-17:18:29.5,13.108915,0.538322
379,J1809-1917,1809-1917,1,53251,2,1625.1,0.3,7.8,0.3,0.082747,2.55E-14,3.27,6:09:43 PM,-19:17:38.1,11.094343,0.080454
380,J1809-2004,1809-2004,1,54196,25,2,1,7,7,0.434811,7.28E-15,5.23,6:09:16 PM,-20:04:12,10.363346,-0.201364
381,J1809-2004,1809-2004,2,56229.2,0.1,48.4,0.2,1,1,0.434811,7.28E-15,5.23,6:09:16 PM,-20:04:12,10.363346,-0.201364
382,J1813-1246,1813-1246,1,55094,X,1166,0.4,6.4,0.3,0.048072,1.76E-14,2.63,6:13:24 PM,-12:45:59.2,17.244203,2.444828
383,J1814-1744,1814-1744,1,51371,4,8,4,-3,1,3.975905,7.45E-13,5.04,6:14:43 PM,-17:44:48,13.020782,-0.215452
384,J1814-1744,1814-1744,2,51678,1,10,2,5,3,3.975905,7.45E-13,5.04,6:14:43 PM,-17:44:48,13.020782,-0.215452
385,J1814-1744,1814-1744,3,52075,7,34,2,-5,3,3.975905,7.45E-13,5.04,6:14:43 PM,-17:44:48,13.020782,-0.215452
386,J1814-1744,1814-1744,4,53241,12,3,1,0.7,0.4,3.975905,7.45E-13,5.04,6:14:43 PM,-17:44:48,13.020782,-0.215452
387,J1814-1744,1814-1744,5,53756.4,0.2,11,2,8,4,3.975905,7.45E-13,5.04,6:14:43 PM,-17:44:48,13.020782,-0.215452
388,J1814-1744,1814-1744,6,54768.4,0.4,17,1,2,1,3.975905,7.45E-13,5.04,6:14:43 PM,-17:44:48,13.020782,-0.215452
389,J1814-1744,1814-1744,7,55626.08,0.98,15,2,-2,2,3.975905,7.45E-13,5.04,6:14:43 PM,-17:44:48,13.020782,-0.215452
390,B1815-14,1818-1422,1,52057,7,0.54,0.05,-0.7,0.4,0.291489,2.04E-15,5.46,6:18:24 PM,-14:22:36.7,16.405217,0.61004
391,J1819-1458,1819-1458,1,53925.79,0.04,725,3,78,6,4.263213,5.63E-13,3.3,6:19:34 PM,-14:58:00.0,16.019737,0.081073
392,J1819-1458,1819-1458,2,54176.5,0.2,72,1,36,2,4.263213,5.63E-13,3.3,6:19:34 PM,-14:58:00.0,16.019737,0.081073
393,B1821-11,1824-1118,1,54306,3,2877,0.2,-10,2,0.435759,3.55E-15,6.02,6:24:29 PM,-11:18:42.6,19.809119,0.74091
394,J1821-1419,1821-1419,1,53074,546,225,4,X,X,1.65601,8.95E-13,6.13,6:21:34 PM,-14:19:26,16.815034,-0.043273
395,J1821-1419,1821-1419,2,57372,6,109,7,X,X,1.65601,8.95E-13,6.13,6:21:34 PM,-14:19:26,16.815034,-0.043273
396,B1821-24,1824-2452,1,51980,31,0.008,0.001,0.00,0.04,0.003054,1.62E-18,5.5,6:24:32 PM,-24:52:10.8,7.796793,-5.577611
397,B1822-09,1825-0935,1,49942.1,0.4,2.8,0.2,-2,1,0.769021,5.24E-14,0.3,6:25:30 PM,-09:35:21.2,21.4493,1.324489
398,B1822-09,1825-0935,2,50314,2,1.3,0.2,0,1,0.769021,5.24E-14,0.3,6:25:30 PM,-09:35:21.2,21.4493,1.324489
399,B1822-09,1825-0935,3,52056,1,29.8,0.1,3.4,0.2,0.769021,5.24E-14,0.3,6:25:30 PM,-09:35:21.2,21.4493,1.324489
400,B1822-09,1825-0935,4,52810,1,1.3,0.4,-2,3,0.769021,5.24E-14,0.3,6:25:30 PM,-09:35:21.2,21.4493,1.324489
401,B1822-09,1825-0935,5,53734.6,0.1,4,1,-6,5,0.769021,5.24E-14,0.3,6:25:30 PM,-09:35:21.2,21.4493,1.324489
402,B1822-09,1825-0935,6,54114.96,0.03,121,1,-4,3,0.769021,5.24E-14,0.3,6:25:30 PM,-09:35:21.2,21.4493,1.324489
403,B1822-09,1825-0935,7,58486.2,0.9,3.8,0.1,X,X,0.769021,5.24E-14,0.3,6:25:30 PM,-09:35:21.2,21.4493,1.324489
404,B1823-13,1826-1334,1,46507,29,2746,1,1.7,0.1,0.101487,7.53E-14,3.61,6:26:13 PM,-13:34:46.8,18.00058,-0.690899
405,B1823-13,1826-1334,2,49120,11,2984.6,0.3,7.6,0.1,0.101487,7.53E-14,3.61,6:26:13 PM,-13:34:46.8,18.00058,-0.690899
406,B1823-13,1826-1334,3,53206,1,0.6,0.3,-1,1,0.101487,7.53E-14,3.61,6:26:13 PM,-13:34:46.8,18.00058,-0.690899
407,B1823-13,1826-1334,4,53259,1,3,1,-1,1,0.101487,7.53E-14,3.61,6:26:13 PM,-13:34:46.8,18.00058,-0.690899
408,B1823-13,1826-1334,5,53737,1,3581,1,9.6,0.4,0.101487,7.53E-14,3.61,6:26:13 PM,-13:34:46.8,18.00058,-0.690899
409,B1823-13,1826-1334,6,56556,4,2599,2,9.0,0.3,0.101487,7.53E-14,3.61,6:26:13 PM,-13:34:46.8,18.00058,-0.690899
410,B1824-10,1827-0958,1,48764,6,0.4,0.1,-0.2,0.3,0.245757,1E-15,5.03,6:27:05 PM,-09:58:43.1,21.286296,0.798254
411,B1828-11,1830-1059,1,55041.75,0.04,6.2,0.1,5.2,0.2,0.405043,6E-14,3.15,6:30:48 PM,-10:59:27.9,20.811972,-0.47771
412,B1830-08,1833-0827,1,47541.3,0.1,0.9,0.1,-0.1,0.1,0.085284,9.17E-15,4.5,6:33:40 PM,-08:27:31.2,23.385766,0.063006
413,B1830-08,1833-0827,2,48051,4,1865.6,0.1,1.742,0.001,0.085284,9.17E-15,4.5,6:33:40 PM,-08:27:31.2,23.385766,0.063006
414,B1830-08,1833-0827,3,54782.2,0.1,0.55,0.02,0.27,0.05,0.085284,9.17E-15,4.5,6:33:40 PM,-08:27:31.2,23.385766,0.063006
415,J1830-1135,1830-1135,1,52367,6,2.1,0.3,1,1,6.221553,4.77E-14,3.76,6:30:02 PM,-11:35:32,20.192494,-0.590266
416,J1833-1034,1833-1034,1,54169,7,3.1,0.1,1.4,0.2,0.061884,2.02E-13,4.1,6:33:34 PM,-10:34:07.5,21.500468,-0.885229
417,J1833-1034,1833-1034,2,54423,9,1.1,0.1,4,0.3,0.061884,2.02E-13,4.1,6:33:34 PM,-10:34:07.5,21.500468,-0.885229
418,J1833-1034,1833-1034,3,54750,15,3.6,0.1,-7.7,0.2,0.061884,2.02E-13,4.1,6:33:34 PM,-10:34:07.5,21.500468,-0.885229
419,J1833-1034,1833-1034,4,55142,2,7.5,0.1,-9.9,0.2,0.061884,2.02E-13,4.1,6:33:34 PM,-10:34:07.5,21.500468,-0.885229
420,J1832+0029,1832+0029,1,53498,50,66,1,53,5,0.533917,1.51E-15,1.04,6:32:51 PM,+00:29:27,31.246512,4.360199
421,B1834-10,1836-1008,1,55746.2,0.2,3.5,0.1,5.8,0.4,0.562711,1.18E-14,5.34,6:36:54 PM,-10:08:08.3,22.263017,-1.41537
422,J1834-0731,1834-0731,1,53479,1,4.4,0.4,0.6,0.4,0.51298,5.82E-14,4.1,6:34:16 PM,-07:31:07,24.287894,0.365632
423,J1835-1020,1835-1020,1,57590.6,0.3,3.29,0.01,2.3,0.3,0.30245,5.92E-15,2.87,6:35:57 PM,-10:20:04.5,21.980013,-1.301291
424,J1835-1106,1835-1106,1,52225.8,0.2,15.6,0.4,2.5,0.4,0.165907,2.06E-14,3.16,6:35:18 PM,-11:06:15.1,21.222321,-1.51209
425,J1835-1106,1835-1106,2,58488,2,9.3,0.6,4,1,0.165907,2.06E-14,3.16,6:35:18 PM,-11:06:15.1,21.222321,-1.51209
426,J1837-0604,1837-0604,1,55820,14,1395,3,5.9,0.1,0.096294,4.52E-14,4.77,6:37:43 PM,-06:04:49,25.959931,0.264804
427,J1837-0604,1837-0604,2,56512,0.3,15.4,0.5,0.4,0.1,0.096294,4.52E-14,4.77,6:37:43 PM,-06:04:49,25.959931,0.264804
428,J1837-0604,1837-0604,3,58233.7,0.8,70,1,X,X,0.096294,4.52E-14,4.77,6:37:43 PM,-06:04:49,25.959931,0.264804
429,J1837-0559,1837-0559,1,53150,1,3.2,0.3,13,7,0.201063,3.3E-15,4.32,6:37:24 PM,-05:59:28.3,26.001212,0.378957
430,J1837-0559,1837-0559,2,56223,6,0.6,0.1,0.7,0.1,0.201063,3.3E-15,4.32,6:37:24 PM,-05:59:28.3,26.001212,0.378957
431,AX_1838.0-0655,X,1,55010,4,1550,70,X,X,0.070498,4.92E-14,6.6,6:38:03 PM,-06:55:33.4,25.245852,-0.195446
432,J1838-0537,1838-0537,1,55100,X,5500,X,-15,X,0.145708,4.72E-13,1.3,6:38:56 PM,-05:37:09,26.507525,0.209348
433,J1838-0453,1838-0453,1,52162,213,9902,381,7,1,0.380831,1.16E-13,6.64,6:38:11 PM,-04:53:23,27.070294,0.709457
434,J1838-0453,1838-0453,2,54140,4,9,1,-0.1,0.4,0.380831,1.16E-13,6.64,6:38:11 PM,-04:53:23,27.070294,0.709457
435,B1838-04,1841-0425,1,53388,10,578.6,0.03,7.7,0.3,0.186149,6.39E-15,4.4,6:41:06 PM,-04:25:19.5,27.818043,0.279614
436,J1840-0221,1840-0221,1,55747,7,2.72,0.12,0,0,1.26677,1E-30,1.91,6:40:02 PM,-02:21:11.4,280.0095,-2.353167
437,B1841-05,1844-0538,1,47452,1,1,0.1,0.9,0.3,0.255699,9.71E-15,5.4,6:44:05 PM,-05:38:34.1,27.07301,-0.941116
438,J1841-0524,1841-0524,1,53562,1,29,1,1,1,0.445749,2.34E-13,4.12,6:41:49 PM,-05:24:29.5,27.024258,-0.332951
439,J1841-0524,1841-0524,2,54012.9,0.1,25,2,2,1,0.445749,2.34E-13,4.12,6:41:49 PM,-05:24:29.5,27.024258,-0.332951
440,J1841-0524,1841-0524,3,54503,21,1032,1,0.7,0.3,0.445749,2.34E-13,4.12,6:41:49 PM,-05:24:29.5,27.024258,-0.332951
441,J1841-0524,1841-0524,4,55524,19,805,1,0.79,0.03,0.445749,2.34E-13,4.12,6:41:49 PM,-05:24:29.5,27.024258,-0.332951
442,J1841-0524,1841-0524,5,56567.8,0.2,21.7,0.2,0.26,0.02,0.445749,2.34E-13,4.12,6:41:49 PM,-05:24:29.5,27.024258,-0.332951
443,1E_1841-045,1841-0456,1,52464,X,15170,82,96,1,11.788978,4.09E-11,9.6,6:41:19 PM,-04:56:11.1,27.386785,-0.006382
444,1E_1841-045,1841-0456,2,52997.05,X,2450,47,-1,1,11.788978,4.09E-11,9.6,6:41:19 PM,-04:56:11.1,27.386785,-0.006382
445,1E_1841-045,1841-0456,3,53823.97,X,1390,82,-7,3,11.788978,4.09E-11,9.6,6:41:19 PM,-04:56:11.1,27.386785,-0.006382
446,B1841-04,1844-0433,1,49401,16,0.21,0.03,0.8,0.2,0.991027,3.91E-15,3.07,6:44:33 PM,-04:33:12.4,28.095868,-0.548123
447,B1842-0208,1842-0208,1,56921.4,0.1,32.78,0.01,2.9,X,0.663321,1.81E-14,7.93,6:41:56 PM,-01:57:54.6,30.099337,1.216336
448,J1842+0252,1842+0252,1,57112,56,12060.9,0.2,1.3,0.3,3.088256,2.96E-14,5.04,6:42:31 PM,+02:57:58.8,34.558156,3.336043
449,J1844-0310,1844-0310,1,54410,4,1.8,0.2,-0.5,0.2,0.525049,1.02E-14,5.97,6:44:45 PM,-03:10:37.1,29.343195,0.036159
450,J1844+00,1844+00,1,51435,3,0.3,0.1,1,2,0.460503,1E-30,6.84,6:44:11 PM,+00:35:00,32.624089,1.880095
451,J1844+00,1844+00,2,51722.5,0.4,5.2,0.1,4,3,0.460503,1E-30,6.84,6:44:11 PM,+00:35:00,32.624089,1.880095
452,J1844+00,1844+00,3,56784.4,0.2,249.42,0.02,3.98,0.08,0.460503,1E-30,6.84,6:44:11 PM,+00:35:00,32.624089,1.880095
453,J1845-0316,1845-0316,1,52128,1,30,1,-2,2,0.207636,8.86E-15,5.06,6:45:53 PM,-03:16:05,29.390376,-0.255254
454,J1845-0316,1845-0316,2,54170,34,72,1,3,2,0.207636,8.86E-15,5.06,6:45:53 PM,-03:16:05,29.390376,-0.255254
455,J1846-0258,1846-0258,1,52210,10,2.5,0.2,0.93,0.01,0.326571,7.11E-12,5.8,6:46:25 PM,-02:58:30.1,29.71187,-0.239966
456,J1846-0258,1846-0258,2,53883,2,6200,300,4.46,0.02,0.326571,7.11E-12,5.8,6:46:25 PM,-02:58:30.1,29.71187,-0.239966
457,B1844-04,1847-0402,1,55509,1,0.45,0.03,0.08,0.01,0.597809,5.17E-14,3.42,6:47:23 PM,-04:02:14.4,28.876368,-0.938889
458,B1844-04,1847-0402,2,56041,19,0.102,0.021,0,0,0.597809,5.17E-14,3.42,6:47:23 PM,-04:02:14.4,28.876368,-0.938889
459,J1847-0130,1847-0130,1,53426,2,15,2,-3,2,6.707046,1.27E-12,5.8,6:47:35 PM,-01:30:46,31.14657,0.166833
460,J1847-0130,1847-0130,2,54784.45,0.01,80,2,6,3,6.707046,1.27E-12,5.8,6:47:35 PM,-01:30:46,31.14657,0.166833
461,J1850-0026,1850-0026,1,56221.8,0.1,14.3,0.03,0.63,0.01,0.166634,3.91E-14,6.71,6:50:15 PM,-00:26:11.6,32.407401,0.066353
462,J1850-0026,1850-0026,2,56425,11,92,0.1,0.39,0.04,0.166634,3.91E-14,6.71,6:50:15 PM,-00:26:11.6,32.407401,0.066353
463,J1850-0026,1850-0026,3,57495.3,0.4,7.13,0.05,0.37,0.02,0.166634,3.91E-14,6.71,6:50:15 PM,-00:26:11.6,32.407401,0.066353
464,J1850-0026,1850-0026,4,57708,9,1196.4,0.18,0.76,0.03,0.166634,3.91E-14,6.71,6:50:15 PM,-00:26:11.6,32.407401,0.066353
465,J1851-0029,1851-0029,1,54493,1,0.9,0.2,-3,2,0.518721,4.74E-15,5.45,6:51:55 PM,-00:29:58.1,32.541962,-0.334265
466,J1853+0056,1853+0056,1,54981.7,0.4,5.1,0.4,3,1,0.275578,2.14E-14,3.84,6:53:33 PM,+00:56:59,34.017158,-0.035338
467,B1853+01,1856+0113,1,54123,1,11569,1,22.0,0.2,0.26744,2.08E-13,3.3,6:56:11 PM,+01:13:21.3,34.560237,-0.496611
468,B1853+01,1856+0113,2,57341,18,3843,1,5.0,0.2,0.26744,2.08E-13,3.3,6:56:11 PM,+01:13:21.3,34.560237,-0.496611
469,J1856+0245,1856+0245,1,56388,16,2672,5,7.9,0.2,0.080907,6.21E-14,6.32,6:56:51 PM,+02:45:47,36.00752,0.057132
470,J1853+0545,1853+0545,1,53450,2,1.49,0.05,1.6,0.5,0.1264,6.12E-16,6.55,6:53:58 PM,+05:45:55.2,38.353498,2.063655
471,B1859+01,1901+0156,1,51318,70,42.4,0.1,0.8,0.1,0.288219,2.36E-15,3.23,7:01:34 PM,+01:56:38.2,35.817688,-1.366218
472,B1859+07,1901+0716,1,46860.95,0.02,28,1,119.9,58.3,0.643999,2.29E-15,3.4,7:01:39 PM,+07:16:34.8,40.568448,1.056293
473,B1900+06,1902+0615,1,48653.7,0.1,0.4,0.1,0.1,0.3,0.673503,7.71E-15,7,7:02:50 PM,+06:16:33.4,39.814017,0.336064
474,B1900+06,1902+0615,2,49447,1,0.3,0.1,-0.1,0.4,0.673503,7.71E-15,7,7:02:50 PM,+06:16:33.4,39.814017,0.336064
475,B1900+06,1902+0615,3,50316,2,0.3,0.1,0.5,0.3,0.673503,7.71E-15,7,7:02:50 PM,+06:16:33.4,39.814017,0.336064
476,B1900+06,1902+0615,4,51136,4,0.4,0.1,-0.4,0.4,0.673503,7.71E-15,7,7:02:50 PM,+06:16:33.4,39.814017,0.336064
477,B1900+06,1902+0615,5,54239,1,0.26,0.03,-0.7,0.4,0.673503,7.71E-15,7,7:02:50 PM,+06:16:33.4,39.814017,0.336064
478,B1900+06,1902+0615,6,55439.3,0.1,0.17,0.01,0.28,0.04,0.673503,7.71E-15,7,7:02:50 PM,+06:16:33.4,39.814017,0.336064
479,B1907-03,1910-0309,1,48252,5,0.5,0.1,0,2,0.504606,2.19E-15,14.44,7:10:30 PM,-03:09:53.8,32.2798,-5.680158
480,B1907-03,1910-0309,2,49228.2,0.1,2.5,0.1,2,1,0.504606,2.19E-15,14.44,7:10:30 PM,-03:09:53.8,32.2798,-5.680158
481,B1907-03,1910-0309,3,53231.14,0.01,2.7,0.1,3,2,0.504606,2.19E-15,14.44,7:10:30 PM,-03:09:53.8,32.2798,-5.680158
482,B1907+00,1909+0007,1,49530,1,0.4,0.1,3,2,1.016948,5.52E-15,4.36,7:09:35 PM,+00:07:57.7,35.122537,-3.976496
483,B1907+00,1909+0007,2,51224,9,0.2,0.1,2,1,1.016948,5.52E-15,4.36,7:09:35 PM,+00:07:57.7,35.122537,-3.976496
484,B1907+00,1909+0007,3,53546,2,0.5,0.1,3,2,1.016948,5.52E-15,4.36,7:09:35 PM,+00:07:57.7,35.122537,-3.976496
485,B1907+03,1910+0358,1,52321,10,1.3,0.3,9,11,2.330263,4.47E-15,2.86,7:10:09 PM,+03:58:28.0,38.605885,-2.338576
486,J1907+0602,1907+0602,1,55422,X,4660,X,X,X,0.106633,8.68E-14,2.37,7:07:55 PM,+06:02:16.9,40.181875,-0.893773
487,J1907+0602,1907+0602,2,55866,X,1.49,0.32,-0.26,-0.01,0.106633,8.68E-14,2.37,7:07:55 PM,+06:02:16.9,40.181875,-0.893773
488,J1907+0631,1907+1631,1,56987.45,1,2105.5,0.4,5.14,0.07,0.323648,4.52E-13,3.4,7:07:04 PM,+06:31:18.9,40.514539,-0.483968
489,J1907+0631,1907+1631,2,57902.65,1,4977.6,0.5,4.30,0.04,0.323648,4.52E-13,3.4,7:07:04 PM,+06:31:18.9,40.514539,-0.483968
490,J1909+0749,1909+0749,1,57491,16,2844.4,0.4,3.82,0.05,0.237161,1.52E-13,8.29,7:09:08 PM,+07:49:32,41.908582,-0.340127
491,B1907+10,1909+1102,1,52700,16,0.3,0.1,1,1,0.283641,2.64E-15,4.8,7:09:49 PM,+11:02:03.3,44.832251,0.992579
492,J1909+0912,1909+0912,1,54988,1,4.8,0.3,0.1,0.1,0.222949,3.58E-14,7.61,7:09:20 PM,+09:12:53.7,43.163616,0.25783
493,J1913+0446,1913+0446,1,53500,1,6.5,0.2,1.4,0.2,1.61613,2.79E-13,4.34,7:13:51 PM,+04:46:06,39.736422,-2.790038
494,J1913+0446,1914+0446,2,55376.2,0.2,2,1,0,1,1.61613,2.79E-13,4.34,7:13:51 PM,+04:46:06,39.736422,-2.790038
495,J1913+0446,1913+0446,3,56574,1,1.5,0.1,0.04,0.02,1.61613,2.79E-13,4.34,7:13:51 PM,+04:46:06,39.736422,-2.790038
496,J1913+0832,1913+0832,1,54653.908,0.001,38,1,6,3,0.134409,4.57E-15,8.2,7:13:00 PM,+08:32:05.1,42.980368,-0.861901
497,J1913+0904,1913+0904,1,56134.6,0.1,2.8,0.1,0.7,0.2,0.163246,1.76E-14,3,7:13:21 PM,+09:04:45.4,43.502033,-0.684274
498,J1913+1000,1913+1000,1,56601,10,487.9,0.4,-5,1,0.837148,1.67E-14,7.67,7:13:03 PM,+10:00:02.4,44.285072,-0.193339
499,B1913+10,1915+1009,1,54154,1,2.7,0.1,0.4,0.3,0.404552,1.53E-14,7,7:15:30 PM,+10:09:43.3,44.706931,-0.650265
500,J1913+1011,1913+1011,1,54431,2,0.2,0.2,0.1,0.4,0.035909,3.37E-15,4.61,7:13:20 PM,+10:11:22.9,44.484506,-0.166743
501,B1913+16,1915+1606,1,52770,20,0.037,0.001,X,X,0.05903,8.62E-18,5.25,7:15:28 PM,+16:06:27.3,49.967436,2.122235
502,B1917+00,1919+0021,1,50176.6,0.2,1.9,0.2,10,4,1.27226,7.67E-15,5.88,7:19:51 PM,+00:21:39.7,36.505859,-6.151012
503,J1921+0812,1921+0812,1,55349,8,3633,0.1,5,1,0.210648,5.36E-15,2.9,7:21:48 PM,+08:12:51.8,43.710183,-2.934003
504,B1923+04,1926+0431,1,51495,1,0.08,0.02,-0.2,0.1,1.074078,2.46E-15,4.99,7:26:24 PM,+04:31:31.6,40.979524,-5.67401
505,B1930+22,1932+2220,1,45989,400,629,9,X,X,0.14447,5.76E-14,10.9,7:32:23 PM,+22:20:51.5,57.355889,1.553704
506,B1930+22,1932+2220,2,46906,85,4427,7,X,X,0.14447,5.76E-14,10.9,7:32:23 PM,+22:20:51.5,57.355889,1.553704
507,B1930+22,1932+2220,3,50253,4,4472,1,12.2,0.3,0.14447,5.76E-14,10.9,7:32:23 PM,+22:20:51.5,57.355889,1.553704
508,B1935+25,1937+2544,1,52032,9,0.03,0.01,0.1,0.1,0.20098,6.43E-16,3.12,7:37:01 PM,+25:44:13.4,60.836027,2.269917
509,B1946-25,1949-2524,1,50056,2,0.09,0.01,0.05,0.02,0.957617,3.27E-15,1.05,7:49:25 PM,-25:24:01,15.259789,-23.380428
510,B1951+32,1952+3252,1,51967,9,2.3,0.1,-0.2,0.1,0.039531,5.84E-15,3,7:52:58 PM,+32:52:40.5,68.765029,2.82342
511,B1951+32,1952+3252,2,52385,11,0.7,0.1,0.0,0.1,0.039531,5.84E-15,3,7:52:58 PM,+32:52:40.5,68.765029,2.82342
512,B1951+32,1952+3252,3,52912,5,1.3,0.1,0.3,0.1,0.039531,5.84E-15,3,7:52:58 PM,+32:52:40.5,68.765029,2.82342
513,B1951+32,1952+3252,4,53305,6,0.5,0.1,0.1,0.1,0.039531,5.84E-15,3,7:52:58 PM,+32:52:40.5,68.765029,2.82342
514,B1951+32,1952+3252,5,54103.44,0.03,5.2,0.2,0.0,0.4,0.039531,5.84E-15,3,7:52:58 PM,+32:52:40.5,68.765029,2.82342
515,B1951+32,1952+3252,6,55328,1,1500,1,28,1,0.039531,5.84E-15,3,7:52:58 PM,+32:52:40.5,68.765029,2.82342
516,B1953+50,1955+5059,1,46964,2,0.04,0.01,-0.6,0.1,0.518938,1.37E-15,2.19,7:55:19 PM,+50:59:55.2,84.793316,11.552772
517,B1953+50,1955+5059,2,49038,5,0.021,0.004,-0.1,0.1,0.518938,1.37E-15,2.19,7:55:19 PM,+50:59:55.2,84.793316,11.552772
518,J1957+2831,1957+2831,1,52485,3,0.3,0.1,0.6,0.3,0.307683,3.11E-15,6.89,7:57:19 PM,+28:31:43.8,65.523687,-0.22457
519,J1957+2831,1957+2831,2,52912,3,0.13,0.03,0.3,0.2,0.307683,3.11E-15,6.89,7:57:19 PM,+28:31:43.8,65.523687,-0.22457
520,J1957+2831,1957+2831,3,54692.8,0.3,5.8,0.3,5,6,0.307683,3.11E-15,6.89,7:57:19 PM,+28:31:43.8,65.523687,-0.22457
521,J1957+2831,1957+2831,4,56903.695,0.002,2.2,0.1,X,X,0.307683,3.11E-15,6.89,7:57:19 PM,+28:31:43.8,65.523687,-0.22457
522,J2005-0020,2005-0020,1,55972.1,0.3,12.3,0.3,2,1,2.279661,2.57E-14,1.83,8:05:44 PM,-00:20:21.9,41.331004,-16.628369
523,J2021+3651,2021+3651,1,52630.1,0.1,2587,2,6.2,0.2,0.103741,9.57E-14,10.51,8:21:05 PM,+36:51:04.8,75.221913,0.111044
524,J2021+3651,2021+3651,2,54177,25,745,6,5.5,0.1,0.103741,9.57E-14,10.51,8:21:05 PM,+36:51:04.8,75.221913,0.111044
525,J2021+3651,2021+3651,3,55110,1,2230,1,9.9,0.4,0.103741,9.57E-14,10.51,8:21:05 PM,+36:51:04.8,75.221913,0.111044
526,J2021+3651,2021+3651,4,57204.89,0.02,3048,1,6.68,0.31,0.103741,9.57E-14,10.51,8:21:05 PM,+36:51:04.8,75.221913,0.111044
527,B2020+28,2022+2854,1,47409,2,0.13,0.02,0.5,0.1,0.343402,1.89E-15,2.1,8:22:37 PM,+28:54:23.1,68.862413,-4.671054
528,J2022+3842,2022+3842,1,54680,140,1900,X,X,X,0.048579,8.61E-14,10,8:22:22 PM,+38:42:14.8,76.887676,0.960322
529,B2027+37,2029+3744,1,56993.7,0.1,6.21,0.19,X,X,1.216805,1.23E-14,5.77,8:29:24 PM,+37:44:08.1,76.89774,-0.727248
530,J2032+4127,2032+4127,1,55821,13,276.2,0.5,0,1,0.143246,1.13E-14,1.33,8:32:13 PM,+41:27:24.3,80.223767,1.027948
531,B2113+14,2116+1414,1,47989,6,0.26,0.04,8,3,0.440153,2.89E-16,25,9:16:14 PM,+14:14:21.0,64.463869,-23.409232
532,B2217+47,2219+4754,1,55859.43,0.05,1.14,0.01,1.0,0.1,0.538469,2.77E-15,2.39,10:19:48 PM,+47:54:53.9,98.384562,-7.597963
533,B2224+65,2225+6535,1,43072,40,1707,1,3,5,0.682542,9.66E-15,0.83,10:25:53 PM,+65:35:36.3,108.637464,6.845627
534,B2224+65,2225+6535,2,51900,X,0.14,0.03,-2.9,0.2,0.682542,9.66E-15,0.83,10:25:53 PM,+65:35:36.3,108.637464,6.845627
535,B2224+65,2225+6535,3,52950,X,0.08,0.04,-1.4,0.2,0.682542,9.66E-15,0.83,10:25:53 PM,+65:35:36.3,108.637464,6.845627
536,B2224+65,2225+6535,4,53434,13,0.2,0.1,X,X,0.682542,9.66E-15,0.83,10:25:53 PM,+65:35:36.3,108.637464,6.845627
537,B2224+65,2225+6535,5,54266,14,0.4,0.1,-0.8,0.4,0.682542,9.66E-15,0.83,10:25:53 PM,+65:35:36.3,108.637464,6.845627
538,J2229+6114,2229+6114,1,53064,3,1139.3,0.3,12.5,0.1,0.051624,7.83E-14,3,10:29:05 PM,+61:14:09.3,106.647355,2.948757
539,J2229+6114,2229+6114,2,54110,1,327,4,-3,6,0.051624,7.83E-14,3,10:29:05 PM,+61:14:09.3,106.647355,2.948757
540,J2229+6114,2229+6114,3,54781.54,0.03,4.5,0.2,0.1,0.1,0.051624,7.83E-14,3,10:29:05 PM,+61:14:09.3,106.647355,2.948757
541,J2229+6114,2229+6114,4,55134,1,195,2,5.5,0.1,0.051624,7.83E-14,3,10:29:05 PM,+61:14:09.3,106.647355,2.948757
542,J2229+6114,2229+6114,5,55601,2,1222,4,12.9,0.1,0.051624,7.83E-14,3,10:29:05 PM,+61:14:09.3,106.647355,2.948757
543,J2229+6114,2229+6114,6,56366.59,0.02,65.9,0.2,3.32,0.02,0.051624,7.83E-14,3,10:29:05 PM,+61:14:09.3,106.647355,2.948757
544,B2255+58,2257+5909,1,49488.2,0.2,0.75,0.04,1.0,0.3,0.368246,5.75E-15,3,10:57:58 PM,+59:09:14.8,108.830688,-0.575108
545,1E_2259+586,2301+5852,1,52443.9,0.2,4104,28,1111,71,6.979071,4.71E-13,3.3,11:01:08 PM,+58:52:44.4,109.087161,-0.995681
546,1E_2259+586,2301+5852,2,53750,X,30.8,3.5,X,X,6.979071,4.71E-13,3.3,11:01:08 PM,+58:52:44.4,109.087161,-0.995681
547,1E_2259+586,2301+5852,3,54184.9032,X,880,3,X,X,6.979071,4.71E-13,3.3,11:01:08 PM,+58:52:44.4,109.087161,-0.995681
548,1E_2259+586,2301+5852,4,54880,X,-14,1,-29.3,22.2,6.979071,4.71E-13,3.3,11:01:08 PM,+58:52:44.4,109.087161,-0.995681
549,J2323+63,J2323+63,1,53998,46,0.24,0.01,-0.20,0.03,1.43631,2.83E-15,4.86,11:25:13 PM,+63:16:52.3,113.418412,2.013103
550,B2334+61,2337+6151,1,53642,13,20470,1,23.8,0.4,0.49537,1.93E-13,0.7,11:37:06 PM,+61:51:01.5,114.283726,0.233349
551,J2346-0609,2346-0609,1,57498,4,0.599,0.011,2.12,0.21,1.181463,1.36E-15,3.7,11:46:50 PM,-06:09:59.8,83.797068,-64.01435
552,M82-X2,M82-X2,1,56685.8,X,20000,X,X,X,1.37,1E-30,3600,9:55:51 AM,+69:40:45.5,141.411429,40.565558
